valid_time,lead_hours,predicted_power
2026-02-01 00:00:00,24,0.018114479300809
2026-02-01 01:00:00,24,0.0272560211025173
2026-02-01 02:00:00,24,0.0714760217191732
2026-02-01 03:00:00,24,0.1951640025836964
2026-02-01 04:00:00,24,0.176506965906267
2026-02-01 05:00:00,24,0.1407087445422897
2026-02-01 06:00:00,24,0.0799405803706774
2026-02-01 07:00:00,24,0.0908548943418406
2026-02-01 08:00:00,24,0.1048527750224079
2026-02-01 09:00:00,24,0.1479971385863799
2026-02-01 10:00:00,24,0.1703660171664814
2026-02-01 11:00:00,24,0.3352537352177793
2026-02-01 12:00:00,24,0.2505194379558659
2026-02-01 13:00:00,24,0.3176013586219486
2026-02-01 14:00:00,24,0.3056284731317962
2026-02-01 15:00:00,24,0.3112306909712987
2026-02-01 16:00:00,24,0.3058075455774366
2026-02-01 17:00:00,24,0.2838001085004293
2026-02-01 18:00:00,24,0.2687134097352393
2026-02-01 19:00:00,24,0.3673698612831845
2026-02-01 20:00:00,24,0.4244360839395746
2026-02-01 21:00:00,24,0.4230768090301108
2026-02-01 22:00:00,24,0.3528192734444721
2026-02-01 23:00:00,24,0.3559971830162329
2026-02-02 00:00:00,24,0.4820612175094688
2026-02-02 01:00:00,24,0.4728161786580666
2026-02-02 02:00:00,24,0.407884086607004
2026-02-02 03:00:00,24,0.3959863478479255
2026-02-02 04:00:00,24,0.6358937294636194
2026-02-02 05:00:00,24,0.5815133344988052
2026-02-02 06:00:00,24,0.6405271872826713
2026-02-02 07:00:00,24,0.7298148272655635
2026-02-02 08:00:00,24,0.8138861060440351
2026-02-02 09:00:00,24,0.7578883518032201
2026-02-02 10:00:00,24,0.6590806278857321
2026-02-02 11:00:00,24,0.6481588755091052
2026-02-02 12:00:00,24,0.2854427457906256
2026-02-02 13:00:00,24,0.1200624401650317
2026-02-02 14:00:00,24,0.0620508054290357
2026-02-02 15:00:00,24,0.071014781283012
2026-02-02 16:00:00,24,0.091812159641797
2026-02-02 17:00:00,24,0.0764606987678942
2026-02-02 18:00:00,24,0.0942728879685127
2026-02-02 19:00:00,24,0.2286678457900887
2026-02-02 20:00:00,24,0.3271317976340328
2026-02-02 21:00:00,24,0.3763896379763243
2026-02-02 22:00:00,24,0.3928742161331824
2026-02-02 23:00:00,24,0.3943521257049435
2026-02-03 00:00:00,24,0.1581828481613917
2026-02-03 01:00:00,24,0.031774639883365
2026-02-03 02:00:00,24,0.0585864321971417
2026-02-03 03:00:00,24,0.0312260777566464
2026-02-03 04:00:00,24,0.0268574344709788
2026-02-03 05:00:00,24,0.0534413957051941
2026-02-03 06:00:00,24,0.1595160219353328
2026-02-03 07:00:00,24,0.1521358625386726
2026-02-03 08:00:00,24,0.0517634027482797
2026-02-03 09:00:00,24,0.0529538835690904
2026-02-03 10:00:00,24,0.0299192318256073
2026-02-03 11:00:00,24,0.0515832799311825
2026-02-03 12:00:00,24,0.1604367537736894
2026-02-03 13:00:00,24,0.1189966581116
2026-02-03 14:00:00,24,0.3029680202390678
2026-02-03 15:00:00,24,0.428697735738523
2026-02-03 16:00:00,24,0.3059275309064042
2026-02-03 17:00:00,24,0.2847585652084647
2026-02-03 18:00:00,24,0.3142010638941159
2026-02-03 19:00:00,24,0.291507730628968
2026-02-03 20:00:00,24,0.4185490093413796
2026-02-03 21:00:00,24,0.2948230231874148
2026-02-03 22:00:00,24,0.2779954234910178
2026-02-03 23:00:00,24,0.2697493669708632
2026-02-04 00:00:00,24,0.4770753577658437
2026-02-04 01:00:00,24,0.3700498372339745
2026-02-04 02:00:00,24,0.3971447476921013
2026-02-04 03:00:00,24,0.3977281682220774
2026-02-04 04:00:00,24,0.4232730037165945
2026-02-04 05:00:00,24,0.413043141943981
2026-02-04 06:00:00,24,0.2278359377404138
2026-02-04 07:00:00,24,0.1969211232279703
2026-02-04 08:00:00,24,0.1947997097782602
2026-02-04 09:00:00,24,0.1718066271986573
2026-02-04 10:00:00,24,0.1408236285263811
2026-02-04 11:00:00,24,0.0835596402491816
2026-02-04 12:00:00,24,0.0411368391533218
2026-02-04 13:00:00,24,0.020501206430712
2026-02-04 14:00:00,24,0.0841074832401729
2026-02-04 15:00:00,24,0.3549083045924998
2026-02-04 16:00:00,24,0.4452290498713756
2026-02-04 17:00:00,24,0.5319658962118252
2026-02-04 18:00:00,24,0.626810403834353
2026-02-04 19:00:00,24,0.8107897865185956
2026-02-04 20:00:00,24,0.9197368548118752
2026-02-04 21:00:00,24,0.959851301751377
2026-02-04 22:00:00,24,0.9605938529495812
2026-02-04 23:00:00,24,0.9619664991532912
2026-02-05 00:00:00,24,0.9760199960109288
2026-02-05 01:00:00,24,0.974559971971494
2026-02-05 02:00:00,24,0.976959971971494
2026-02-05 03:00:00,24,0.9776571695664052
2026-02-05 04:00:00,24,0.9761150160322712
2026-02-05 05:00:00,24,0.9728792882682172
2026-02-05 06:00:00,24,0.9779128951961804
2026-02-05 07:00:00,24,0.9796006174922164
2026-02-05 08:00:00,24,0.9627953074221772
2026-02-05 09:00:00,24,0.9325205959601892
2026-02-05 10:00:00,24,0.793686729812948
2026-02-05 11:00:00,24,0.7384361375521656
2026-02-05 12:00:00,24,0.5726024645005776
2026-02-05 13:00:00,24,0.4251965760566182
2026-02-05 14:00:00,24,0.4382916683085681
2026-02-05 15:00:00,24,0.4952129897220528
2026-02-05 16:00:00,24,0.4897018148657753
2026-02-05 17:00:00,24,0.3801751338596182
2026-02-05 18:00:00,24,0.412492557848392
2026-02-05 19:00:00,24,0.3661046971816708
2026-02-05 20:00:00,24,0.2774374345220201
2026-02-05 21:00:00,24,0.1959735565500183
2026-02-05 22:00:00,24,0.1674274773326246
2026-02-05 23:00:00,24,0.0349402002372364
2026-02-06 00:00:00,24,0.0316739831050853
2026-02-06 01:00:00,24,0.0150204290160504
2026-02-06 02:00:00,24,0.2745359941592903
2026-02-06 03:00:00,24,0.4444475442748765
2026-02-06 04:00:00,24,0.2144325409659512
2026-02-06 05:00:00,24,0.0319100163451583
2026-02-06 06:00:00,24,0.1955160219353328
2026-02-06 07:00:00,24,0.6565924861704104
2026-02-06 08:00:00,24,0.7691757778287795
2026-02-06 09:00:00,24,0.877560514657202
2026-02-06 10:00:00,24,0.9621692025821014
2026-02-06 11:00:00,24,0.9685358692487682
2026-02-06 12:00:00,24,0.9727783541711824
2026-02-06 13:00:00,24,0.9706937403053782
2026-02-06 14:00:00,24,0.9755261688892088
2026-02-06 15:00:00,24,0.973717017300128
2026-02-06 16:00:00,24,0.962833433571806
2026-02-06 17:00:00,24,0.877939330110485
2026-02-06 18:00:00,24,0.5141538788480117
2026-02-06 19:00:00,24,0.293288304110269
2026-02-06 20:00:00,24,0.2279370277265264
2026-02-06 21:00:00,24,0.2885473421685293
2026-02-06 22:00:00,24,0.258544437466311
2026-02-06 23:00:00,24,0.2320556803714053
2026-02-07 00:00:00,24,0.062095208862529
2026-02-07 01:00:00,24,0.0198647452430822
2026-02-07 02:00:00,24,0.0114249167230963
2026-02-07 03:00:00,24,0.0115362242553089
2026-02-07 04:00:00,24,0.0110344756054808
2026-02-07 05:00:00,24,0.0614540972764225
2026-02-07 06:00:00,24,0.4597393941641697
2026-02-07 07:00:00,24,0.5630917986664163
2026-02-07 08:00:00,24,0.4479104237169239
2026-02-07 09:00:00,24,0.2561406124387068
2026-02-07 10:00:00,24,0.1251332929468045
2026-02-07 11:00:00,24,0.0581334269380481
2026-02-07 12:00:00,24,0.0152085066187276
2026-02-07 13:00:00,24,0.1800658259524111
2026-02-07 14:00:00,24,0.4575428000408006
2026-02-07 15:00:00,24,0.6661795769622217
2026-02-07 16:00:00,24,0.7788838537031433
2026-02-07 17:00:00,24,0.78580052036981
2026-02-07 18:00:00,24,0.8141996260195357
2026-02-07 19:00:00,24,0.8696206890961182
2026-02-07 20:00:00,24,0.8661099083227426
2026-02-07 21:00:00,24,0.7889094213425712
2026-02-07 22:00:00,24,0.7708472008220674
2026-02-07 23:00:00,24,0.5886474632848262
2026-02-08 00:00:00,24,0.553228047726031
2026-02-08 01:00:00,24,0.4812115751181451
2026-02-08 02:00:00,24,0.3514963778298814
2026-02-08 03:00:00,24,0.1460106360870753
2026-02-08 04:00:00,24,0.0534593784695723
2026-02-08 05:00:00,24,0.0265892547648104
2026-02-08 06:00:00,24,0.0156910458385095
2026-02-08 07:00:00,24,0.0123409434544642
2026-02-08 08:00:00,24,0.0092449342583004
2026-02-08 09:00:00,24,0.058032217445499
2026-02-08 10:00:00,24,0.3534841286380198
2026-02-08 11:00:00,24,0.8971583454869821
2026-02-08 12:00:00,24,0.9795065958480736
2026-02-08 13:00:00,24,0.9865065586413316
2026-02-08 14:00:00,24,0.9770008868940672
2026-02-08 15:00:00,24,0.9801750430683928
2026-02-08 16:00:00,24,0.9828417097350596
2026-02-08 17:00:00,24,0.9852504525535496
2026-02-08 18:00:00,24,0.9787958214010496
2026-02-08 19:00:00,24,0.9774711430865178
2026-02-08 20:00:00,24,0.977385163005559
2026-02-08 21:00:00,24,0.9665907954256746
2026-02-08 22:00:00,24,0.9589231596697708
2026-02-08 23:00:00,24,0.9592301248125544
2026-02-09 00:00:00,24,0.8978053244831031
2026-02-09 01:00:00,24,0.8892008584189385
2026-02-09 02:00:00,24,0.8930153282128497
2026-02-09 03:00:00,24,0.8914512341041018
2026-02-09 04:00:00,24,0.9136023284914344
2026-02-09 05:00:00,24,0.9337271503193898
2026-02-09 06:00:00,24,0.9316297372809916
2026-02-09 07:00:00,24,0.9370593917676108
2026-02-09 08:00:00,24,0.93280196698543
2026-02-09 09:00:00,24,0.9345239685769056
2026-02-09 10:00:00,24,0.8969093482076682
2026-02-09 11:00:00,24,0.9104495239677776
2026-02-09 12:00:00,24,0.6642033869797745
2026-02-09 13:00:00,24,0.4855869815960495
2026-02-09 14:00:00,24,0.2716047912139138
2026-02-09 15:00:00,24,0.1076664453769873
2026-02-09 16:00:00,24,0.0548362240187112
2026-02-09 17:00:00,24,0.0359389081944461
2026-02-09 18:00:00,24,0.0417546606074993
2026-02-09 19:00:00,24,0.0588246261749127
2026-02-09 20:00:00,24,0.0439240972387562
2026-02-09 21:00:00,24,0.0393005215560837
2026-02-09 22:00:00,24,0.0311319629712647
2026-02-09 23:00:00,24,0.0411295463835785
2026-02-10 00:00:00,24,0.0258364054952386
2026-02-10 01:00:00,24,0.0705191452602315
2026-02-10 02:00:00,24,0.1331871215946113
2026-02-10 03:00:00,24,0.2365165040506679
2026-02-10 04:00:00,24,0.1695690424224864
2026-02-10 05:00:00,24,0.2072085245885858
2026-02-10 06:00:00,24,0.0541092882161802
2026-02-10 07:00:00,24,0.0616333539538838
2026-02-10 08:00:00,24,0.1748653959527739
2026-02-10 09:00:00,24,0.2977935234220327
2026-02-10 10:00:00,24,0.2784460580906526
2026-02-10 11:00:00,24,0.287294852321025
2026-02-10 12:00:00,24,0.2639856003775733
2026-02-10 13:00:00,24,0.1350168406732667
2026-02-10 14:00:00,24,0.1312273302734909
2026-02-10 15:00:00,24,0.5381543862792283
2026-02-10 16:00:00,24,0.872896440432647
2026-02-10 17:00:00,24,0.9331370587296446
2026-02-10 18:00:00,24,0.971335183977152
2026-02-10 19:00:00,24,0.9743882865397432
2026-02-10 20:00:00,24,0.9444892179244953
2026-02-10 21:00:00,24,0.7954718400028522
2026-02-10 22:00:00,24,0.5305835389980201
2026-02-10 23:00:00,24,0.1927612155280074
2026-02-11 00:00:00,24,0.1220605991375241
2026-02-11 01:00:00,24,0.0435055585927654
2026-02-11 02:00:00,24,0.0330911368622576
2026-02-11 03:00:00,24,0.1476212020083247
2026-02-11 04:00:00,24,0.0436756876150207
2026-02-11 05:00:00,24,0.0256802536596027
2026-02-11 06:00:00,24,0.0644713175485804
2026-02-11 07:00:00,24,0.0447908802261014
2026-02-11 08:00:00,24,0.0273839743549544
2026-02-11 09:00:00,24,0.4305458709483113
2026-02-11 10:00:00,24,0.7981699308313945
2026-02-11 11:00:00,24,0.9227196457810052
2026-02-11 12:00:00,24,0.8729681632958943
2026-02-11 13:00:00,24,0.8074162202324754
2026-02-11 14:00:00,24,0.7751599179073386
2026-02-11 15:00:00,24,0.7323524073851333
2026-02-11 16:00:00,24,0.6916280218087909
2026-02-11 17:00:00,24,0.7489944260126988
2026-02-11 18:00:00,24,0.4072181472537407
2026-02-11 19:00:00,24,0.3491224660464916
2026-02-11 20:00:00,24,0.394752327819105
2026-02-11 21:00:00,24,0.4214183031889561
2026-02-11 22:00:00,24,0.295559232097983
2026-02-11 23:00:00,24,0.2693107436179138
2026-02-12 00:00:00,24,0.1326898673736905
2026-02-12 01:00:00,24,0.0178812145132315
2026-02-12 02:00:00,24,0.0174043980357508
2026-02-12 03:00:00,24,0.0120043980357508
2026-02-12 04:00:00,24,0.0176324829551082
2026-02-12 05:00:00,24,0.0404364969451357
2026-02-12 06:00:00,24,0.0162533131699325
2026-02-12 07:00:00,24,0.0412862889150007
2026-02-12 08:00:00,24,0.0423862889150007
2026-02-12 09:00:00,24,0.0338862334430115
2026-02-12 10:00:00,24,0.0323356457723901
2026-02-12 11:00:00,24,0.0207305576066101
2026-02-12 12:00:00,24,0.1099036563632567
2026-02-12 13:00:00,24,0.0753096810505742
2026-02-12 14:00:00,24,0.0857943046420164
2026-02-12 15:00:00,24,0.0554096989174305
2026-02-12 16:00:00,24,0.080922905526267
2026-02-12 17:00:00,24,0.0148657078347845
2026-02-12 18:00:00,24,0.0174305507738075
2026-02-12 19:00:00,24,0.031799573840932
2026-02-12 20:00:00,24,0.0367618526950108
2026-02-12 21:00:00,24,0.012240191631405
2026-02-12 22:00:00,24,0.0112140813975784
2026-02-12 23:00:00,24,0.0108696788014141
2026-02-13 00:00:00,24,0.0141000420995442
2026-02-13 01:00:00,24,0.0204397553963528
2026-02-13 02:00:00,24,0.0079837539357512
2026-02-13 03:00:00,24,0.0112667206100142
2026-02-13 04:00:00,24,0.0094674887532052
2026-02-13 05:00:00,24,0.0118906641998732
2026-02-13 06:00:00,24,0.0127168711142429
2026-02-13 07:00:00,24,0.0180793830438537
2026-02-13 08:00:00,24,0.0719529555816674
2026-02-13 09:00:00,24,0.0728569925574634
2026-02-13 10:00:00,24,0.0695397382201752
2026-02-13 11:00:00,24,0.0805279081484438
2026-02-13 12:00:00,24,0.0546749614133134
2026-02-13 13:00:00,24,0.075440642892962
2026-02-13 14:00:00,24,0.1612520827350205
2026-02-13 15:00:00,24,0.3629923231319915
2026-02-13 16:00:00,24,0.6470021904543246
2026-02-13 17:00:00,24,0.775177043892471
2026-02-13 18:00:00,24,0.5746917822994807
2026-02-13 19:00:00,24,0.5532977312114723
2026-02-13 20:00:00,24,0.5827239415359262
2026-02-13 21:00:00,24,0.5579626104682376
2026-02-13 22:00:00,24,0.6269726632460035
2026-02-13 23:00:00,24,0.5299066030559142
2026-02-14 00:00:00,24,0.4525352566943302
2026-02-14 01:00:00,24,0.3070659205316608
2026-02-14 02:00:00,24,0.0913226111394229
2026-02-14 03:00:00,24,0.0851346033149439
2026-02-14 04:00:00,24,0.0408070056070256
2026-02-14 05:00:00,24,0.0135127640168048
2026-02-14 06:00:00,24,0.0184533131699325
2026-02-14 07:00:00,24,0.0133165945459999
2026-02-14 08:00:00,24,0.0146335207940811
2026-02-14 09:00:00,24,0.0454230425895428
2026-02-14 10:00:00,24,0.0141425914244387
2026-02-14 11:00:00,24,0.0142334040555635
2026-02-14 12:00:00,24,0.0137150492509281
2026-02-14 13:00:00,24,0.0134111369063026
2026-02-14 14:00:00,24,0.0168245300952821
2026-02-14 15:00:00,24,0.0272797894454714
2026-02-14 16:00:00,24,0.0305625770068637
2026-02-14 17:00:00,24,0.0313152616639546
2026-02-14 18:00:00,24,0.0112852062337389
2026-02-14 19:00:00,24,0.0113720221042699
2026-02-14 20:00:00,24,0.0158030196701295
2026-02-14 21:00:00,24,0.0110774469173991
2026-02-14 22:00:00,24,0.0325499907040184
2026-02-14 23:00:00,24,0.0606827867060511
2026-02-15 00:00:00,24,0.0402415057967938
2026-02-15 01:00:00,24,0.2203863541147052
2026-02-15 02:00:00,24,0.2396814937644755
2026-02-15 03:00:00,24,0.4554836500318916
2026-02-15 04:00:00,24,0.5818884980959611
2026-02-15 05:00:00,24,0.7360925301010068
2026-02-15 06:00:00,24,0.853411417554037
2026-02-15 07:00:00,24,0.9676195598640214
2026-02-15 08:00:00,24,0.970004673314588
2026-02-15 09:00:00,24,0.9471502222564044
2026-02-15 10:00:00,24,0.8767984906694531
2026-02-15 11:00:00,24,0.8615151382551213
2026-02-15 12:00:00,24,0.8532680053730379
2026-02-15 13:00:00,24,0.6361102525349907
2026-02-15 14:00:00,24,0.631628122876963
2026-02-15 15:00:00,24,0.6964449014308763
2026-02-15 16:00:00,24,0.5649631263666287
2026-02-15 17:00:00,24,0.3643388076508427
2026-02-15 18:00:00,24,0.2903362392257793
2026-02-15 19:00:00,24,0.2321981128005207
2026-02-15 20:00:00,24,0.3270866598772043
2026-02-15 21:00:00,24,0.3493320971075897
2026-02-15 22:00:00,24,0.4149650062196984
2026-02-15 23:00:00,24,0.4564042261357929
2026-02-16 00:00:00,24,0.47200015072872
2026-02-16 01:00:00,24,0.4952884452106511
2026-02-16 02:00:00,24,0.5126032217844567
2026-02-16 03:00:00,24,0.432185890372995
2026-02-16 04:00:00,24,0.5405155298994161
2026-02-16 05:00:00,24,0.4453448872350853
2026-02-16 06:00:00,24,0.6501892556393728
2026-02-16 07:00:00,24,0.7247866390901433
2026-02-16 08:00:00,24,0.6714779213964003
2026-02-16 09:00:00,24,0.6325070061290516
2026-02-16 10:00:00,24,0.3488620424287636
2026-02-16 11:00:00,24,0.2946752838429241
2026-02-16 12:00:00,24,0.2461225926257582
2026-02-16 13:00:00,24,0.3412458896471232
2026-02-16 14:00:00,24,0.2973614117050368
2026-02-16 15:00:00,24,0.2939614117050368
2026-02-16 16:00:00,24,0.3087641772772684
2026-02-16 17:00:00,24,0.2432428153817901
2026-02-16 18:00:00,24,0.211237077541846
2026-02-16 19:00:00,24,0.1959242775002187
2026-02-16 20:00:00,24,0.2935038945067306
2026-02-16 21:00:00,24,0.3505601293383765
2026-02-16 22:00:00,24,0.4588370803623358
2026-02-16 23:00:00,24,0.3388047055768039
2026-02-17 00:00:00,24,0.0409586217204333
2026-02-17 01:00:00,24,0.0257666420817901
2026-02-17 02:00:00,24,0.0622129999020333
2026-02-17 03:00:00,24,0.1359944721675829
2026-02-17 04:00:00,24,0.2595620579829681
2026-02-17 05:00:00,24,0.3669145985376532
2026-02-17 06:00:00,24,0.1360111527056997
2026-02-17 07:00:00,24,0.2108283449430563
2026-02-17 08:00:00,24,0.2274503535451457
2026-02-17 09:00:00,24,0.2844530324031222
2026-02-17 10:00:00,24,0.2533963463247202
2026-02-17 11:00:00,24,0.2372606296171638
2026-02-17 12:00:00,24,0.56457372874588
2026-02-17 13:00:00,24,0.5740128705542908
2026-02-17 14:00:00,24,0.6902806990784974
2026-02-17 15:00:00,24,0.7928201674281847
2026-02-17 16:00:00,24,0.7762174764589654
2026-02-17 17:00:00,24,0.6461627239019287
2026-02-17 18:00:00,24,0.5022188439080568
2026-02-17 19:00:00,24,0.5319125700540919
2026-02-17 20:00:00,24,0.6818294359918126
2026-02-17 21:00:00,24,0.4275298512713872
2026-02-17 22:00:00,24,0.4193965179380539
2026-02-17 23:00:00,24,0.4865365846824401
2026-02-18 00:00:00,24,0.4961691686394672
2026-02-18 01:00:00,24,0.3923794281047452
2026-02-18 02:00:00,24,0.6406826430286993
2026-02-18 03:00:00,24,0.8275031815889138
2026-02-18 04:00:00,24,0.8754839077457826
2026-02-18 05:00:00,24,0.8702318804449285
2026-02-18 06:00:00,24,0.9741025958149374
2026-02-18 07:00:00,24,0.9844539141122584
2026-02-18 08:00:00,24,0.9843928223400168
2026-02-18 09:00:00,24,0.9863935391970666
2026-02-18 10:00:00,24,0.9651460057038116
2026-02-18 11:00:00,24,0.97816546126224
2026-02-18 12:00:00,24,0.9263019179036274
2026-02-18 13:00:00,24,0.599686218988138
2026-02-18 14:00:00,24,0.5699626564159898
2026-02-18 15:00:00,24,0.4398477093413487
2026-02-18 16:00:00,24,0.5226911892318894
2026-02-18 17:00:00,24,0.3559146307178251
2026-02-18 18:00:00,24,0.3307370905660481
2026-02-18 19:00:00,24,0.3685127611502167
2026-02-18 20:00:00,24,0.217717892395348
2026-02-18 21:00:00,24,0.2186849084174512
2026-02-18 22:00:00,24,0.200303012226368
2026-02-18 23:00:00,24,0.2308195324784126
2026-02-19 00:00:00,24,0.1270595640043924
2026-02-19 01:00:00,24,0.1304530754423668
2026-02-19 02:00:00,24,0.1350325961406284
2026-02-19 03:00:00,24,0.1543143863229462
2026-02-19 04:00:00,24,0.1934936160315291
2026-02-19 05:00:00,24,0.2812035064404875
2026-02-19 06:00:00,24,0.1722834892845043
2026-02-19 07:00:00,24,0.1959141191925025
2026-02-19 08:00:00,24,0.1869141191925025
2026-02-19 09:00:00,24,0.1772478244237642
2026-02-19 10:00:00,24,0.1276627290862775
2026-02-19 11:00:00,24,0.0650081650627958
2026-02-19 12:00:00,24,0.0981230610833109
2026-02-19 13:00:00,24,0.0344790321489371
2026-02-19 14:00:00,24,0.0323634080801962
2026-02-19 15:00:00,24,0.1586178507781007
2026-02-19 16:00:00,24,0.2035228093871124
2026-02-19 17:00:00,24,0.4272131717597768
2026-02-19 18:00:00,24,0.2852515917765664
2026-02-19 19:00:00,24,0.407816705166403
2026-02-19 20:00:00,24,0.4442825432976651
2026-02-19 21:00:00,24,0.452340550381825
2026-02-19 22:00:00,24,0.3949518339786587
2026-02-19 23:00:00,24,0.4391749076778718
2026-02-20 00:00:00,24,0.5024295569050676
2026-02-20 01:00:00,24,0.5348165804286812
2026-02-20 02:00:00,24,0.5938237222080279
2026-02-20 03:00:00,24,0.5358330136471056
2026-02-20 04:00:00,24,0.3078225587881152
2026-02-20 05:00:00,24,0.23632951595783
2026-02-20 06:00:00,24,0.2156241858380862
2026-02-20 07:00:00,24,0.1492197357771721
2026-02-20 08:00:00,24,0.0992735509039816
2026-02-20 09:00:00,24,0.072297239171668
2026-02-20 10:00:00,24,0.0469259320905596
2026-02-20 11:00:00,24,0.0280993880599399
2026-02-20 12:00:00,24,0.0272993880599399
2026-02-20 13:00:00,24,0.0402070974341515
2026-02-20 14:00:00,24,0.1180829637710669
2026-02-20 15:00:00,24,0.5062133261405357
2026-02-20 16:00:00,24,0.6211681649299302
2026-02-20 17:00:00,24,0.7647103964337154
2026-02-20 18:00:00,24,0.8581794157096618
2026-02-20 19:00:00,24,0.8147264635412206
2026-02-20 20:00:00,24,0.6429571009440704
2026-02-20 21:00:00,24,0.5938822157424928
2026-02-20 22:00:00,24,0.5406002113242432
2026-02-20 23:00:00,24,0.4349984573573978
2026-02-21 00:00:00,24,0.3353346181728297
2026-02-21 01:00:00,24,0.2079790440871172
2026-02-21 02:00:00,24,0.1582897338298233
2026-02-21 03:00:00,24,0.1484552630814567
2026-02-21 04:00:00,24,0.0114295437670338
2026-02-21 05:00:00,24,0.2385711234191486
2026-02-21 06:00:00,24,0.85407855884318
2026-02-21 07:00:00,24,0.8803982667830088
2026-02-21 08:00:00,24,0.966018676727912
2026-02-21 09:00:00,24,0.9312319665885692
2026-02-21 10:00:00,24,0.7738124573384686
2026-02-21 11:00:00,24,0.478957975098537
2026-02-21 12:00:00,24,0.3017976598475769
2026-02-21 13:00:00,24,0.1582201210013005
2026-02-21 14:00:00,24,0.245101956370008
2026-02-21 15:00:00,24,0.4920298145996528
2026-02-21 16:00:00,24,0.545747265083667
2026-02-21 17:00:00,24,0.551797265083667
2026-02-21 18:00:00,24,0.1642978285054847
2026-02-21 19:00:00,24,0.1121580664720996
2026-02-21 20:00:00,24,0.1183629047342527
2026-02-21 21:00:00,24,0.0481239198290936
2026-02-21 22:00:00,24,0.0109672205833716
2026-02-21 23:00:00,24,0.0124988677078941
2026-02-22 00:00:00,24,0.0113938433847548
2026-02-22 01:00:00,24,0.0242917032349969
2026-02-22 02:00:00,24,0.0583989840786528
2026-02-22 03:00:00,24,0.2986951607960378
2026-02-22 04:00:00,24,0.3061326384645618
2026-02-22 05:00:00,24,0.6700014948501289
2026-02-22 06:00:00,24,0.7720867041736079
2026-02-22 07:00:00,24,0.9017591845730172
2026-02-22 08:00:00,24,0.9591180046706996
2026-02-22 09:00:00,24,0.8552810345036692
2026-02-22 10:00:00,24,0.8177827782661972
2026-02-22 11:00:00,24,0.7404634759957737
2026-02-22 12:00:00,24,0.6493760643071066
2026-02-22 13:00:00,24,0.3868866489784581
2026-02-22 14:00:00,24,0.1296704523137952
2026-02-22 15:00:00,24,0.0753401494151037
2026-02-22 16:00:00,24,0.0422404458133671
2026-02-22 17:00:00,24,0.0251471241483924
2026-02-22 18:00:00,24,0.0262514554209977
2026-02-22 19:00:00,24,0.022664464092731
2026-02-22 20:00:00,24,0.0186467264188053
2026-02-22 21:00:00,24,0.0194666936913061
2026-02-22 22:00:00,24,0.0310123444307384
2026-02-22 23:00:00,24,0.0185619839833487
2026-02-23 00:00:00,24,0.015150439913426
2026-02-23 01:00:00,24,0.022643325277631
2026-02-23 02:00:00,24,0.0638942606404747
2026-02-23 03:00:00,24,0.0891312637401064
2026-02-23 04:00:00,24,0.0839603583419397
2026-02-23 05:00:00,24,0.0892146347183315
2026-02-23 06:00:00,24,0.1402170521571957
2026-02-23 07:00:00,24,0.1232439403848029
2026-02-23 08:00:00,24,0.1937463930480263
2026-02-23 09:00:00,24,0.3434558412703662
2026-02-23 10:00:00,24,0.3514691572583998
2026-02-23 11:00:00,24,0.6064794733511555
2026-02-23 12:00:00,24,0.5786315449093064
2026-02-23 13:00:00,24,0.6574300572091089
2026-02-23 14:00:00,24,0.7588025005864338
2026-02-23 15:00:00,24,0.7723407856848501
2026-02-23 16:00:00,24,0.7794993480090332
2026-02-23 17:00:00,24,0.8538578474633425
2026-02-23 18:00:00,24,0.7684566187616246
2026-02-23 19:00:00,24,0.7607842899867322
2026-02-23 20:00:00,24,0.6921290007954519
2026-02-23 21:00:00,24,0.5583693405530893
2026-02-23 22:00:00,24,0.5285391452597497
2026-02-23 23:00:00,24,0.5041058119264161
2026-02-24 00:00:00,24,0.3811209214106843
2026-02-24 01:00:00,24,0.3923035658242546
2026-02-24 02:00:00,24,0.3767402176353133
2026-02-24 03:00:00,24,0.3115217360237295
2026-02-24 04:00:00,24,0.2938510406554198
2026-02-24 05:00:00,24,0.3214211788828065
2026-02-24 06:00:00,24,0.2163313781800444
2026-02-24 07:00:00,24,0.2644596899451626
2026-02-24 08:00:00,24,0.2649245920839052
2026-02-24 09:00:00,24,0.2532634619528084
2026-02-24 10:00:00,24,0.2188174076173227
2026-02-24 11:00:00,24,0.1763187118437412
2026-02-24 12:00:00,24,0.1533917486828912
2026-02-24 13:00:00,24,0.0823147710615295
2026-02-24 14:00:00,24,0.0778373870892026
2026-02-24 15:00:00,24,0.0639864832618511
2026-02-24 16:00:00,24,0.0342654247962068
2026-02-24 17:00:00,24,0.0189692423363813
2026-02-24 18:00:00,24,0.0167024193334851
2026-02-24 19:00:00,24,0.013368375235877
2026-02-24 20:00:00,24,0.0248323926161919
2026-02-24 21:00:00,24,0.036053042894345
2026-02-24 22:00:00,24,0.0795295777162703
2026-02-24 23:00:00,24,0.0814308193574595
2026-02-25 00:00:00,24,0.0945533783554123
2026-02-25 01:00:00,24,0.0869643730086144
2026-02-25 02:00:00,24,0.0951262933755892
2026-02-25 03:00:00,24,0.0859382855511103
2026-02-25 04:00:00,24,0.0638042112048285
2026-02-25 05:00:00,24,0.0519959336427511
2026-02-25 06:00:00,24,0.0205629244073221
2026-02-25 07:00:00,24,0.0198793830438537
2026-02-25 08:00:00,24,0.0230793830438537
2026-02-25 09:00:00,24,0.0312862334430115
2026-02-25 10:00:00,24,0.0343283660786827
2026-02-25 11:00:00,24,0.0234910648930183
2026-02-25 12:00:00,24,0.0334200788772594
2026-02-25 13:00:00,24,0.02618169571082
2026-02-25 14:00:00,24,0.0154930380131801
2026-02-25 15:00:00,24,0.0254001490308445
2026-02-25 16:00:00,24,0.0501457385057588
2026-02-25 17:00:00,24,0.1479190885564409
2026-02-25 18:00:00,24,0.5039699955065832
2026-02-25 19:00:00,24,0.5574206061595963
2026-02-25 20:00:00,24,0.6729009731807539
2026-02-25 21:00:00,24,0.6829843065140875
2026-02-25 22:00:00,24,0.4758237588781754
2026-02-25 23:00:00,24,0.3106943316970368
2026-02-26 00:00:00,24,0.4033600613504824
2026-02-26 01:00:00,24,0.3417084395825176
2026-02-26 02:00:00,24,0.2825042989425169
2026-02-26 03:00:00,24,0.2279983807379669
2026-02-26 04:00:00,24,0.1098077309736212
2026-02-26 05:00:00,24,0.0411664441761148
2026-02-26 06:00:00,24,0.8081779489750671
2026-02-26 07:00:00,24,0.4850923479397053
2026-02-26 08:00:00,24,0.097806849214302
2026-02-26 09:00:00,24,0.1549666730168184
2026-02-26 10:00:00,24,0.2226694873796487
2026-02-26 11:00:00,24,0.2836682555625942
2026-02-26 12:00:00,24,0.5932447054952366
2026-02-26 13:00:00,24,0.5793318758142615
2026-02-26 14:00:00,24,0.438861074021884
2026-02-26 15:00:00,24,0.5183298182942647
2026-02-26 16:00:00,24,0.5991248195993988
2026-02-26 17:00:00,24,0.6739224631512544
2026-02-26 18:00:00,24,0.6021023832256245
2026-02-26 19:00:00,24,0.7220335755000451
2026-02-26 20:00:00,24,0.5276074801532936
2026-02-26 21:00:00,24,0.5523140701673963
2026-02-26 22:00:00,24,0.5271387647597233
2026-02-26 23:00:00,24,0.4069975797787612
2026-02-27 00:00:00,24,0.1947354233447694
2026-02-27 01:00:00,24,0.1995662096658753
2026-02-27 02:00:00,24,0.2008995429992087
2026-02-27 03:00:00,24,0.166030000755307
2026-02-27 04:00:00,24,0.1253589741447357
2026-02-27 05:00:00,24,0.1354622113591753
2026-02-27 06:00:00,24,0.1460663703051279
2026-02-27 07:00:00,24,0.1142423708179134
2026-02-27 08:00:00,24,0.1719175746943117
2026-02-27 09:00:00,24,0.2711252403383863
2026-02-27 10:00:00,24,0.2830766400978818
2026-02-27 11:00:00,24,0.3172711247090885
2026-02-27 12:00:00,24,0.239839292600525
2026-02-27 13:00:00,24,0.3096901659968953
2026-02-27 14:00:00,24,0.2557537976386302
2026-02-27 15:00:00,24,0.3885756576585576
2026-02-27 16:00:00,24,0.3796939276515688
2026-02-27 17:00:00,24,0.3165751026565731
2026-02-27 18:00:00,24,0.2599179336201741
2026-02-27 19:00:00,24,0.2584476517643215
2026-02-27 20:00:00,24,0.2832169526677903
2026-02-27 21:00:00,24,0.2508820859760954
2026-02-27 22:00:00,24,0.3505905236133349
2026-02-27 23:00:00,24,0.3657205384689428
2026-02-28 00:00:00,24,0.4039823294754855
2026-02-28 01:00:00,24,0.3988349590334478
2026-02-28 02:00:00,24,0.3885682923667811
2026-02-28 03:00:00,24,0.3896987501228794
2026-02-28 04:00:00,24,0.4648595515599754
2026-02-28 05:00:00,24,0.4337130231206952
2026-02-28 06:00:00,24,0.3845034642390114
2026-02-28 07:00:00,24,0.463592102595723
2026-02-28 08:00:00,24,0.4777087692623897
2026-02-28 09:00:00,24,0.4072256691306395
2026-02-28 10:00:00,24,0.3904256691306394
2026-02-28 11:00:00,24,0.3415712532280669
2026-02-28 12:00:00,24,0.2891534245658761
2026-02-28 13:00:00,24,0.2557982964712086
2026-02-28 14:00:00,24,0.2550761500067333
2026-02-28 15:00:00,24,0.149163693319574
2026-02-28 16:00:00,24,0.100016155941022
2026-02-28 17:00:00,24,0.1060040209826232
2026-02-28 18:00:00,24,0.0627675573669444
2026-02-28 19:00:00,24,0.0253652578995311
2026-02-28 20:00:00,24,0.0287777884856578
2026-02-28 21:00:00,24,0.0215290894393567
2026-02-28 22:00:00,24,0.0227448718508825
2026-02-28 23:00:00,24,0.0166117700038766
