turbine_id,issue_date,valid_time,lead_hours,predicted_power
2,2026-01-31,2026-02-01 00:00:00,24,0.018114479300809016
2,2026-01-31,2026-02-01 01:00:00,24,0.027256021102517382
2,2026-01-31,2026-02-01 02:00:00,24,0.07147602171917321
2,2026-01-31,2026-02-01 03:00:00,24,0.19516400258369643
2,2026-01-31,2026-02-01 04:00:00,24,0.17650696590626705
2,2026-01-31,2026-02-01 05:00:00,24,0.14070874454228974
2,2026-01-31,2026-02-01 06:00:00,24,0.0799405803706774
2,2026-01-31,2026-02-01 07:00:00,24,0.09085489434184064
2,2026-01-31,2026-02-01 08:00:00,24,0.10485277502240797
2,2026-01-31,2026-02-01 09:00:00,24,0.14799713858637992
2,2026-01-31,2026-02-01 10:00:00,24,0.17036601716648145
2,2026-01-31,2026-02-01 11:00:00,24,0.3352537352177793
2,2026-01-31,2026-02-01 12:00:00,24,0.25051943795586595
2,2026-01-31,2026-02-01 13:00:00,24,0.31760135862194866
2,2026-01-31,2026-02-01 14:00:00,24,0.3056284731317962
2,2026-01-31,2026-02-01 15:00:00,24,0.3112306909712987
2,2026-01-31,2026-02-01 16:00:00,24,0.30580754557743667
2,2026-01-31,2026-02-01 17:00:00,24,0.28380010850042936
2,2026-01-31,2026-02-01 18:00:00,24,0.26871340973523933
2,2026-01-31,2026-02-01 19:00:00,24,0.36736986128318455
2,2026-01-31,2026-02-01 20:00:00,24,0.4244360839395746
2,2026-01-31,2026-02-01 21:00:00,24,0.4230768090301108
2,2026-01-31,2026-02-01 22:00:00,24,0.35281927344447217
2,2026-01-31,2026-02-01 23:00:00,24,0.35599718301623295
2,2026-01-31,2026-02-02 00:00:00,48,0.37184303748858955
2,2026-01-31,2026-02-02 01:00:00,48,0.36615210288972255
2,2026-01-31,2026-02-02 02:00:00,48,0.39956671999009113
2,2026-01-31,2026-02-02 03:00:00,48,0.40462942103140703
2,2026-01-31,2026-02-02 04:00:00,48,0.5423232423880807
2,2026-01-31,2026-02-02 05:00:00,48,0.5460261226632875
2,2026-01-31,2026-02-02 06:00:00,48,0.6573594178459865
2,2026-01-31,2026-02-02 07:00:00,48,0.8172481884737373
2,2026-01-31,2026-02-02 08:00:00,48,0.9370680805227622
2,2026-01-31,2026-02-02 09:00:00,48,0.8959799416716235
2,2026-01-31,2026-02-02 10:00:00,48,0.5848632946132027
2,2026-01-31,2026-02-02 11:00:00,48,0.14953408689570113
2,2026-01-31,2026-02-02 12:00:00,48,0.3179280321556404
2,2026-01-31,2026-02-02 13:00:00,48,0.15631379946243118
2,2026-01-31,2026-02-02 14:00:00,48,0.10961663548155962
2,2026-01-31,2026-02-02 15:00:00,48,0.1563043054316613
2,2026-01-31,2026-02-02 16:00:00,48,0.1619202006905388
2,2026-01-31,2026-02-02 17:00:00,48,0.06119289210472288
2,2026-01-31,2026-02-02 18:00:00,48,0.03973275385657107
2,2026-01-31,2026-02-02 19:00:00,48,0.0891451517242567
2,2026-01-31,2026-02-02 20:00:00,48,0.2552462509688962
2,2026-01-31,2026-02-02 21:00:00,48,0.25663813547066183
2,2026-01-31,2026-02-02 22:00:00,48,0.1869348262773223
2,2026-01-31,2026-02-02 23:00:00,48,0.1431899561653109
2,2026-02-01,2026-02-02 00:00:00,24,0.48206121750946884
2,2026-02-01,2026-02-02 01:00:00,24,0.47281617865806663
2,2026-02-01,2026-02-02 02:00:00,24,0.40788408660700404
2,2026-02-01,2026-02-02 03:00:00,24,0.3959863478479255
2,2026-02-01,2026-02-02 04:00:00,24,0.6358937294636194
2,2026-02-01,2026-02-02 05:00:00,24,0.5815133344988052
2,2026-02-01,2026-02-02 06:00:00,24,0.6405271872826713
2,2026-02-01,2026-02-02 07:00:00,24,0.7298148272655635
2,2026-02-01,2026-02-02 08:00:00,24,0.8138861060440351
2,2026-02-01,2026-02-02 09:00:00,24,0.7578883518032201
2,2026-02-01,2026-02-02 10:00:00,24,0.6590806278857321
2,2026-02-01,2026-02-02 11:00:00,24,0.6481588755091052
2,2026-02-01,2026-02-02 12:00:00,24,0.2854427457906256
2,2026-02-01,2026-02-02 13:00:00,24,0.12006244016503179
2,2026-02-01,2026-02-02 14:00:00,24,0.06205080542903571
2,2026-02-01,2026-02-02 15:00:00,24,0.07101478128301204
2,2026-02-01,2026-02-02 16:00:00,24,0.09181215964179702
2,2026-02-01,2026-02-02 17:00:00,24,0.07646069876789428
2,2026-02-01,2026-02-02 18:00:00,24,0.09427288796851278
2,2026-02-01,2026-02-02 19:00:00,24,0.22866784579008878
2,2026-02-01,2026-02-02 20:00:00,24,0.3271317976340328
2,2026-02-01,2026-02-02 21:00:00,24,0.3763896379763243
2,2026-02-01,2026-02-02 22:00:00,24,0.39287421613318246
2,2026-02-01,2026-02-02 23:00:00,24,0.3943521257049435
2,2026-02-01,2026-02-03 00:00:00,48,0.15834856302004463
2,2026-02-01,2026-02-03 01:00:00,48,0.11025025596143126
2,2026-02-01,2026-02-03 02:00:00,48,0.05622015870978173
2,2026-02-01,2026-02-03 03:00:00,48,0.021810325343593208
2,2026-02-01,2026-02-03 04:00:00,48,0.014580574538738409
2,2026-02-01,2026-02-03 05:00:00,48,0.011790141485847443
2,2026-02-01,2026-02-03 06:00:00,48,0.06871966031785759
2,2026-02-01,2026-02-03 07:00:00,48,0.06885976432177965
2,2026-02-01,2026-02-03 08:00:00,48,0.03163281568610341
2,2026-02-01,2026-02-03 09:00:00,48,0.052685943172669496
2,2026-02-01,2026-02-03 10:00:00,48,0.16443624742540508
2,2026-02-01,2026-02-03 11:00:00,48,0.15149475507922722
2,2026-02-01,2026-02-03 12:00:00,48,0.10062608858586466
2,2026-02-01,2026-02-03 13:00:00,48,0.2661663693888816
2,2026-02-01,2026-02-03 14:00:00,48,0.48475713527849235
2,2026-02-01,2026-02-03 15:00:00,48,0.4156310690718562
2,2026-02-01,2026-02-03 16:00:00,48,0.34252753090640414
2,2026-02-01,2026-02-03 17:00:00,48,0.31745447715307906
2,2026-02-01,2026-02-03 18:00:00,48,0.2024582856279866
2,2026-02-01,2026-02-03 19:00:00,48,0.18901512338276066
2,2026-02-01,2026-02-03 20:00:00,48,0.27961777576535035
2,2026-02-01,2026-02-03 21:00:00,48,0.3106418166220768
2,2026-02-01,2026-02-03 22:00:00,48,0.35435923209798315
2,2026-02-01,2026-02-03 23:00:00,48,0.47909690009263434
2,2026-02-02,2026-02-03 00:00:00,24,0.15818284816139175
2,2026-02-02,2026-02-03 01:00:00,24,0.03177463988336502
2,2026-02-02,2026-02-03 02:00:00,24,0.05858643219714176
2,2026-02-02,2026-02-03 03:00:00,24,0.031226077756646486
2,2026-02-02,2026-02-03 04:00:00,24,0.026857434470978856
2,2026-02-02,2026-02-03 05:00:00,24,0.0534413957051941
2,2026-02-02,2026-02-03 06:00:00,24,0.15951602193533282
2,2026-02-02,2026-02-03 07:00:00,24,0.1521358625386726
2,2026-02-02,2026-02-03 08:00:00,24,0.05176340274827972
2,2026-02-02,2026-02-03 09:00:00,24,0.05295388356909041
2,2026-02-02,2026-02-03 10:00:00,24,0.029919231825607375
2,2026-02-02,2026-02-03 11:00:00,24,0.051583279931182585
2,2026-02-02,2026-02-03 12:00:00,24,0.1604367537736894
2,2026-02-02,2026-02-03 13:00:00,24,0.11899665811160001
2,2026-02-02,2026-02-03 14:00:00,24,0.3029680202390678
2,2026-02-02,2026-02-03 15:00:00,24,0.428697735738523
2,2026-02-02,2026-02-03 16:00:00,24,0.3059275309064042
2,2026-02-02,2026-02-03 17:00:00,24,0.2847585652084647
2,2026-02-02,2026-02-03 18:00:00,24,0.31420106389411595
2,2026-02-02,2026-02-03 19:00:00,24,0.291507730628968
2,2026-02-02,2026-02-03 20:00:00,24,0.4185490093413796
2,2026-02-02,2026-02-03 21:00:00,24,0.2948230231874148
2,2026-02-02,2026-02-03 22:00:00,24,0.2779954234910178
2,2026-02-02,2026-02-03 23:00:00,24,0.2697493669708632
2,2026-02-02,2026-02-04 00:00:00,48,0.3112719578813124
2,2026-02-02,2026-02-04 01:00:00,48,0.2674094839982226
2,2026-02-02,2026-02-04 02:00:00,48,0.28116864511524486
2,2026-02-02,2026-02-04 03:00:00,48,0.41911699489786625
2,2026-02-02,2026-02-04 04:00:00,48,0.27497034226314193
2,2026-02-02,2026-02-04 05:00:00,48,0.17578431100827885
2,2026-02-02,2026-02-04 06:00:00,48,0.18043253611153792
2,2026-02-02,2026-02-04 07:00:00,48,0.08760729725889514
2,2026-02-02,2026-02-04 08:00:00,48,0.08559027681262846
2,2026-02-02,2026-02-04 09:00:00,48,0.12399450469488238
2,2026-02-02,2026-02-04 10:00:00,48,0.11709637275596287
2,2026-02-02,2026-02-04 11:00:00,48,0.06816446745285291
2,2026-02-02,2026-02-04 12:00:00,48,0.037061286253885675
2,2026-02-02,2026-02-04 13:00:00,48,0.01939572769611715
2,2026-02-02,2026-02-04 14:00:00,48,0.23151959068665573
2,2026-02-02,2026-02-04 15:00:00,48,0.47205059815774547
2,2026-02-02,2026-02-04 16:00:00,48,0.5977557705248333
2,2026-02-02,2026-02-04 17:00:00,48,0.6365795812421714
2,2026-02-02,2026-02-04 18:00:00,48,0.5806255035823269
2,2026-02-02,2026-02-04 19:00:00,48,0.6438627600518768
2,2026-02-02,2026-02-04 20:00:00,48,0.7511754797491519
2,2026-02-02,2026-02-04 21:00:00,48,0.8102186755788907
2,2026-02-02,2026-02-04 22:00:00,48,0.8471785427978443
2,2026-02-02,2026-02-04 23:00:00,48,0.9557063792297258
2,2026-02-03,2026-02-04 00:00:00,24,0.47707535776584375
2,2026-02-03,2026-02-04 01:00:00,24,0.37004983723397455
2,2026-02-03,2026-02-04 02:00:00,24,0.3971447476921013
2,2026-02-03,2026-02-04 03:00:00,24,0.3977281682220774
2,2026-02-03,2026-02-04 04:00:00,24,0.42327300371659454
2,2026-02-03,2026-02-04 05:00:00,24,0.41304314194398106
2,2026-02-03,2026-02-04 06:00:00,24,0.22783593774041383
2,2026-02-03,2026-02-04 07:00:00,24,0.1969211232279703
2,2026-02-03,2026-02-04 08:00:00,24,0.1947997097782602
2,2026-02-03,2026-02-04 09:00:00,24,0.17180662719865733
2,2026-02-03,2026-02-04 10:00:00,24,0.14082362852638117
2,2026-02-03,2026-02-04 11:00:00,24,0.08355964024918167
2,2026-02-03,2026-02-04 12:00:00,24,0.04113683915332189
2,2026-02-03,2026-02-04 13:00:00,24,0.020501206430712036
2,2026-02-03,2026-02-04 14:00:00,24,0.08410748324017292
2,2026-02-03,2026-02-04 15:00:00,24,0.35490830459249983
2,2026-02-03,2026-02-04 16:00:00,24,0.4452290498713756
2,2026-02-03,2026-02-04 17:00:00,24,0.5319658962118252
2,2026-02-03,2026-02-04 18:00:00,24,0.626810403834353
2,2026-02-03,2026-02-04 19:00:00,24,0.8107897865185956
2,2026-02-03,2026-02-04 20:00:00,24,0.9197368548118753
2,2026-02-03,2026-02-04 21:00:00,24,0.959851301751377
2,2026-02-03,2026-02-04 22:00:00,24,0.9605938529495813
2,2026-02-03,2026-02-04 23:00:00,24,0.9619664991532911
2,2026-02-03,2026-02-05 00:00:00,48,0.9614820694983076
2,2026-02-03,2026-02-05 01:00:00,48,0.9772369065277189
2,2026-02-03,2026-02-05 02:00:00,48,0.9709155364257402
2,2026-02-03,2026-02-05 03:00:00,48,0.9775767845270422
2,2026-02-03,2026-02-05 04:00:00,48,0.9652193776140889
2,2026-02-03,2026-02-05 05:00:00,48,0.9819731910456482
2,2026-02-03,2026-02-05 06:00:00,48,0.980451918387072
2,2026-02-03,2026-02-05 07:00:00,48,0.9856611284681063
2,2026-02-03,2026-02-05 08:00:00,48,0.9722737602758665
2,2026-02-03,2026-02-05 09:00:00,48,0.9537107269738243
2,2026-02-03,2026-02-05 10:00:00,48,0.8281554981524986
2,2026-02-03,2026-02-05 11:00:00,48,0.7745361375521655
2,2026-02-03,2026-02-05 12:00:00,48,0.8018203240890855
2,2026-02-03,2026-02-05 13:00:00,48,0.5458360852965392
2,2026-02-03,2026-02-05 14:00:00,48,0.44032500164190136
2,2026-02-03,2026-02-05 15:00:00,48,0.4708129897220528
2,2026-02-03,2026-02-05 16:00:00,48,0.45716848153244194
2,2026-02-03,2026-02-05 17:00:00,48,0.5005288923181964
2,2026-02-03,2026-02-05 18:00:00,48,0.3764418005262848
2,2026-02-03,2026-02-05 19:00:00,48,0.345789305664828
2,2026-02-03,2026-02-05 20:00:00,48,0.30314588674729603
2,2026-02-03,2026-02-05 21:00:00,48,0.25257802259769613
2,2026-02-03,2026-02-05 22:00:00,48,0.1870131947547854
2,2026-02-03,2026-02-05 23:00:00,48,0.04191664272122475
2,2026-02-04,2026-02-05 00:00:00,24,0.9760199960109288
2,2026-02-04,2026-02-05 01:00:00,24,0.9745599719714941
2,2026-02-04,2026-02-05 02:00:00,24,0.9769599719714941
2,2026-02-04,2026-02-05 03:00:00,24,0.9776571695664051
2,2026-02-04,2026-02-05 04:00:00,24,0.9761150160322711
2,2026-02-04,2026-02-05 05:00:00,24,0.9728792882682173
2,2026-02-04,2026-02-05 06:00:00,24,0.9779128951961805
2,2026-02-04,2026-02-05 07:00:00,24,0.9796006174922163
2,2026-02-04,2026-02-05 08:00:00,24,0.9627953074221773
2,2026-02-04,2026-02-05 09:00:00,24,0.9325205959601893
2,2026-02-04,2026-02-05 10:00:00,24,0.793686729812948
2,2026-02-04,2026-02-05 11:00:00,24,0.7384361375521656
2,2026-02-04,2026-02-05 12:00:00,24,0.5726024645005776
2,2026-02-04,2026-02-05 13:00:00,24,0.42519657605661826
2,2026-02-04,2026-02-05 14:00:00,24,0.4382916683085681
2,2026-02-04,2026-02-05 15:00:00,24,0.4952129897220528
2,2026-02-04,2026-02-05 16:00:00,24,0.4897018148657753
2,2026-02-04,2026-02-05 17:00:00,24,0.3801751338596182
2,2026-02-04,2026-02-05 18:00:00,24,0.412492557848392
2,2026-02-04,2026-02-05 19:00:00,24,0.3661046971816708
2,2026-02-04,2026-02-05 20:00:00,24,0.2774374345220201
2,2026-02-04,2026-02-05 21:00:00,24,0.19597355655001833
2,2026-02-04,2026-02-05 22:00:00,24,0.1674274773326246
2,2026-02-04,2026-02-05 23:00:00,24,0.03494020023723644
2,2026-02-04,2026-02-06 00:00:00,48,0.029065278548720652
2,2026-02-04,2026-02-06 01:00:00,48,0.5702224937159984
2,2026-02-04,2026-02-06 02:00:00,48,0.22870084184794232
2,2026-02-04,2026-02-06 03:00:00,48,0.17725648365313879
2,2026-02-04,2026-02-06 04:00:00,48,0.5925354702197705
2,2026-02-04,2026-02-06 05:00:00,48,0.9556358561259284
2,2026-02-04,2026-02-06 06:00:00,48,0.8667234713175288
2,2026-02-04,2026-02-06 07:00:00,48,0.958523374975465
2,2026-02-04,2026-02-06 08:00:00,48,0.9585900416421317
2,2026-02-04,2026-02-06 09:00:00,48,0.9640148739769229
2,2026-02-04,2026-02-06 10:00:00,48,0.9541640765269886
2,2026-02-04,2026-02-06 11:00:00,48,0.954647409860322
2,2026-02-04,2026-02-06 12:00:00,48,0.9725116875045157
2,2026-02-04,2026-02-06 13:00:00,48,0.9608843383213087
2,2026-02-04,2026-02-06 14:00:00,48,0.9622176716546421
2,2026-02-04,2026-02-06 15:00:00,48,0.9738836839667948
2,2026-02-04,2026-02-06 16:00:00,48,0.9572501002384725
2,2026-02-04,2026-02-06 17:00:00,48,0.9048484292221608
2,2026-02-04,2026-02-06 18:00:00,48,0.9044437980696609
2,2026-02-04,2026-02-06 19:00:00,48,0.8022261912973121
2,2026-02-04,2026-02-06 20:00:00,48,0.785770983166004
2,2026-02-04,2026-02-06 21:00:00,48,0.7736099157699081
2,2026-02-04,2026-02-06 22:00:00,48,0.5777297204765686
2,2026-02-04,2026-02-06 23:00:00,48,0.46089946574505214
2,2026-02-05,2026-02-06 00:00:00,24,0.03167398310508536
2,2026-02-05,2026-02-06 01:00:00,24,0.015020429016050427
2,2026-02-05,2026-02-06 02:00:00,24,0.2745359941592903
2,2026-02-05,2026-02-06 03:00:00,24,0.4444475442748765
2,2026-02-05,2026-02-06 04:00:00,24,0.2144325409659512
2,2026-02-05,2026-02-06 05:00:00,24,0.031910016345158373
2,2026-02-05,2026-02-06 06:00:00,24,0.19551602193533285
2,2026-02-05,2026-02-06 07:00:00,24,0.6565924861704104
2,2026-02-05,2026-02-06 08:00:00,24,0.7691757778287795
2,2026-02-05,2026-02-06 09:00:00,24,0.877560514657202
2,2026-02-05,2026-02-06 10:00:00,24,0.9621692025821014
2,2026-02-05,2026-02-06 11:00:00,24,0.9685358692487682
2,2026-02-05,2026-02-06 12:00:00,24,0.9727783541711823
2,2026-02-05,2026-02-06 13:00:00,24,0.9706937403053782
2,2026-02-05,2026-02-06 14:00:00,24,0.9755261688892087
2,2026-02-05,2026-02-06 15:00:00,24,0.973717017300128
2,2026-02-05,2026-02-06 16:00:00,24,0.962833433571806
2,2026-02-05,2026-02-06 17:00:00,24,0.877939330110485
2,2026-02-05,2026-02-06 18:00:00,24,0.5141538788480117
2,2026-02-05,2026-02-06 19:00:00,24,0.29328830411026907
2,2026-02-05,2026-02-06 20:00:00,24,0.2279370277265264
2,2026-02-05,2026-02-06 21:00:00,24,0.28854734216852934
2,2026-02-05,2026-02-06 22:00:00,24,0.25854443746631106
2,2026-02-05,2026-02-06 23:00:00,24,0.23205568037140537
2,2026-02-05,2026-02-07 00:00:00,48,0.19870177555789953
2,2026-02-05,2026-02-07 01:00:00,48,0.10010856058225295
2,2026-02-05,2026-02-07 02:00:00,48,0.01872501423145255
2,2026-02-05,2026-02-07 03:00:00,48,0.010012636883817847
2,2026-02-05,2026-02-07 04:00:00,48,0.012690976270189648
2,2026-02-05,2026-02-07 05:00:00,48,0.015804480490726552
2,2026-02-05,2026-02-07 06:00:00,48,0.07424809489113263
2,2026-02-05,2026-02-07 07:00:00,48,0.1693093823508408
2,2026-02-05,2026-02-07 08:00:00,48,0.3991879906986152
2,2026-02-05,2026-02-07 09:00:00,48,0.2497321658305104
2,2026-02-05,2026-02-07 10:00:00,48,0.1656203457125202
2,2026-02-05,2026-02-07 11:00:00,48,0.1058396108987847
2,2026-02-05,2026-02-07 12:00:00,48,0.031133019187279433
2,2026-02-05,2026-02-07 13:00:00,48,0.11906354310825028
2,2026-02-05,2026-02-07 14:00:00,48,0.3994830694472282
2,2026-02-05,2026-02-07 15:00:00,48,0.4106830694472282
2,2026-02-05,2026-02-07 16:00:00,48,0.4326013394402394
2,2026-02-05,2026-02-07 17:00:00,48,0.6621462436288885
2,2026-02-05,2026-02-07 18:00:00,48,0.7615278609384502
2,2026-02-05,2026-02-07 19:00:00,48,0.7749494621966679
2,2026-02-05,2026-02-07 20:00:00,48,0.7394147372868056
2,2026-02-05,2026-02-07 21:00:00,48,0.777902099321782
2,2026-02-05,2026-02-07 22:00:00,48,0.7797664552311276
2,2026-02-05,2026-02-07 23:00:00,48,0.7069219040284422
2,2026-02-06,2026-02-07 00:00:00,24,0.06209520886252903
2,2026-02-06,2026-02-07 01:00:00,24,0.01986474524308228
2,2026-02-06,2026-02-07 02:00:00,24,0.011424916723096376
2,2026-02-06,2026-02-07 03:00:00,24,0.011536224255308987
2,2026-02-06,2026-02-07 04:00:00,24,0.011034475605480855
2,2026-02-06,2026-02-07 05:00:00,24,0.06145409727642255
2,2026-02-06,2026-02-07 06:00:00,24,0.45973939416416976
2,2026-02-06,2026-02-07 07:00:00,24,0.5630917986664163
2,2026-02-06,2026-02-07 08:00:00,24,0.4479104237169239
2,2026-02-06,2026-02-07 09:00:00,24,0.2561406124387068
2,2026-02-06,2026-02-07 10:00:00,24,0.12513329294680453
2,2026-02-06,2026-02-07 11:00:00,24,0.05813342693804819
2,2026-02-06,2026-02-07 12:00:00,24,0.015208506618727623
2,2026-02-06,2026-02-07 13:00:00,24,0.18006582595241116
2,2026-02-06,2026-02-07 14:00:00,24,0.4575428000408006
2,2026-02-06,2026-02-07 15:00:00,24,0.6661795769622217
2,2026-02-06,2026-02-07 16:00:00,24,0.7788838537031433
2,2026-02-06,2026-02-07 17:00:00,24,0.78580052036981
2,2026-02-06,2026-02-07 18:00:00,24,0.8141996260195357
2,2026-02-06,2026-02-07 19:00:00,24,0.8696206890961182
2,2026-02-06,2026-02-07 20:00:00,24,0.8661099083227426
2,2026-02-06,2026-02-07 21:00:00,24,0.7889094213425712
2,2026-02-06,2026-02-07 22:00:00,24,0.7708472008220674
2,2026-02-06,2026-02-07 23:00:00,24,0.5886474632848262
2,2026-02-06,2026-02-08 00:00:00,48,0.43895925429136884
2,2026-02-06,2026-02-08 01:00:00,48,0.38389319679083006
2,2026-02-06,2026-02-08 02:00:00,48,0.28676337790891687
2,2026-02-06,2026-02-08 03:00:00,48,0.2308033903289095
2,2026-02-06,2026-02-08 04:00:00,48,0.14153004731785754
2,2026-02-06,2026-02-08 05:00:00,48,0.05878346079459451
2,2026-02-06,2026-02-08 06:00:00,48,0.014135577545596854
2,2026-02-06,2026-02-08 07:00:00,48,0.01263520742790367
2,2026-02-06,2026-02-08 08:00:00,48,0.015198554540727792
2,2026-02-06,2026-02-08 09:00:00,48,0.12837832976017538
2,2026-02-06,2026-02-08 10:00:00,48,0.7229372592438971
2,2026-02-06,2026-02-08 11:00:00,48,0.9698621114187076
2,2026-02-06,2026-02-08 12:00:00,48,0.9668775389633528
2,2026-02-06,2026-02-08 13:00:00,48,0.9849218646829917
2,2026-02-06,2026-02-08 14:00:00,48,0.980017553560734
2,2026-02-06,2026-02-08 15:00:00,48,0.9799083764017261
2,2026-02-06,2026-02-08 16:00:00,48,0.9791083764017262
2,2026-02-06,2026-02-08 17:00:00,48,0.9765969432211701
2,2026-02-06,2026-02-08 18:00:00,48,0.9849291547343829
2,2026-02-06,2026-02-08 19:00:00,48,0.9784101662774094
2,2026-02-06,2026-02-08 20:00:00,48,0.9747792273747967
2,2026-02-06,2026-02-08 21:00:00,48,0.9727980944976257
2,2026-02-06,2026-02-08 22:00:00,48,0.9431585835317943
2,2026-02-06,2026-02-08 23:00:00,48,0.9473919168651276
2,2026-02-07,2026-02-08 00:00:00,24,0.553228047726031
2,2026-02-07,2026-02-08 01:00:00,24,0.4812115751181451
2,2026-02-07,2026-02-08 02:00:00,24,0.3514963778298814
2,2026-02-07,2026-02-08 03:00:00,24,0.14601063608707532
2,2026-02-07,2026-02-08 04:00:00,24,0.053459378469572355
2,2026-02-07,2026-02-08 05:00:00,24,0.026589254764810433
2,2026-02-07,2026-02-08 06:00:00,24,0.015691045838509568
2,2026-02-07,2026-02-08 07:00:00,24,0.012340943454464225
2,2026-02-07,2026-02-08 08:00:00,24,0.009244934258300454
2,2026-02-07,2026-02-08 09:00:00,24,0.05803221744549904
2,2026-02-07,2026-02-08 10:00:00,24,0.35348412863801987
2,2026-02-07,2026-02-08 11:00:00,24,0.8971583454869821
2,2026-02-07,2026-02-08 12:00:00,24,0.9795065958480736
2,2026-02-07,2026-02-08 13:00:00,24,0.9865065586413317
2,2026-02-07,2026-02-08 14:00:00,24,0.9770008868940673
2,2026-02-07,2026-02-08 15:00:00,24,0.9801750430683928
2,2026-02-07,2026-02-08 16:00:00,24,0.9828417097350595
2,2026-02-07,2026-02-08 17:00:00,24,0.9852504525535495
2,2026-02-07,2026-02-08 18:00:00,24,0.9787958214010496
2,2026-02-07,2026-02-08 19:00:00,24,0.9774711430865178
2,2026-02-07,2026-02-08 20:00:00,24,0.977385163005559
2,2026-02-07,2026-02-08 21:00:00,24,0.9665907954256746
2,2026-02-07,2026-02-08 22:00:00,24,0.9589231596697709
2,2026-02-07,2026-02-08 23:00:00,24,0.9592301248125544
2,2026-02-07,2026-02-09 00:00:00,48,0.927091083594906
2,2026-02-07,2026-02-09 01:00:00,48,0.913265223025588
2,2026-02-07,2026-02-09 02:00:00,48,0.8938535292846005
2,2026-02-07,2026-02-09 03:00:00,48,0.8939696571137654
2,2026-02-07,2026-02-09 04:00:00,48,0.9345862369860812
2,2026-02-07,2026-02-09 05:00:00,48,0.8932849492098988
2,2026-02-07,2026-02-09 06:00:00,48,0.9226412144365674
2,2026-02-07,2026-02-09 07:00:00,48,0.9317344742857404
2,2026-02-07,2026-02-09 08:00:00,48,0.9066459672717719
2,2026-02-07,2026-02-09 09:00:00,48,0.9334430425967228
2,2026-02-07,2026-02-09 10:00:00,48,0.9338864959050928
2,2026-02-07,2026-02-09 11:00:00,48,0.9256397763852133
2,2026-02-07,2026-02-09 12:00:00,48,0.9281523967942165
2,2026-02-07,2026-02-09 13:00:00,48,0.8845966929416541
2,2026-02-07,2026-02-09 14:00:00,48,0.708776183782031
2,2026-02-07,2026-02-09 15:00:00,48,0.4237414405644305
2,2026-02-07,2026-02-09 16:00:00,48,0.08575935264427295
2,2026-02-07,2026-02-09 17:00:00,48,0.025321228860216764
2,2026-02-07,2026-02-09 18:00:00,48,0.025946945438919684
2,2026-02-07,2026-02-09 19:00:00,48,0.07140078506861995
2,2026-02-07,2026-02-09 20:00:00,48,0.09661430344717568
2,2026-02-07,2026-02-09 21:00:00,48,0.09319408093817647
2,2026-02-07,2026-02-09 22:00:00,48,0.12034333038033301
2,2026-02-07,2026-02-09 23:00:00,48,0.1687576397425291
2,2026-02-08,2026-02-09 00:00:00,24,0.8978053244831031
2,2026-02-08,2026-02-09 01:00:00,24,0.8892008584189385
2,2026-02-08,2026-02-09 02:00:00,24,0.8930153282128497
2,2026-02-08,2026-02-09 03:00:00,24,0.8914512341041018
2,2026-02-08,2026-02-09 04:00:00,24,0.9136023284914343
2,2026-02-08,2026-02-09 05:00:00,24,0.9337271503193898
2,2026-02-08,2026-02-09 06:00:00,24,0.9316297372809917
2,2026-02-08,2026-02-09 07:00:00,24,0.9370593917676107
2,2026-02-08,2026-02-09 08:00:00,24,0.9328019669854299
2,2026-02-08,2026-02-09 09:00:00,24,0.9345239685769056
2,2026-02-08,2026-02-09 10:00:00,24,0.8969093482076682
2,2026-02-08,2026-02-09 11:00:00,24,0.9104495239677776
2,2026-02-08,2026-02-09 12:00:00,24,0.6642033869797745
2,2026-02-08,2026-02-09 13:00:00,24,0.48558698159604957
2,2026-02-08,2026-02-09 14:00:00,24,0.2716047912139138
2,2026-02-08,2026-02-09 15:00:00,24,0.10766644537698734
2,2026-02-08,2026-02-09 16:00:00,24,0.05483622401871125
2,2026-02-08,2026-02-09 17:00:00,24,0.03593890819444611
2,2026-02-08,2026-02-09 18:00:00,24,0.04175466060749939
2,2026-02-08,2026-02-09 19:00:00,24,0.05882462617491272
2,2026-02-08,2026-02-09 20:00:00,24,0.04392409723875626
2,2026-02-08,2026-02-09 21:00:00,24,0.03930052155608376
2,2026-02-08,2026-02-09 22:00:00,24,0.031131962971264738
2,2026-02-08,2026-02-09 23:00:00,24,0.04112954638357855
2,2026-02-08,2026-02-10 00:00:00,48,0.16106524560427468
2,2026-02-08,2026-02-10 01:00:00,48,0.3021330410877606
2,2026-02-08,2026-02-10 02:00:00,48,0.07025863730574437
2,2026-02-08,2026-02-10 03:00:00,48,0.22359476828735664
2,2026-02-08,2026-02-10 04:00:00,48,0.06137277731111982
2,2026-02-08,2026-02-10 05:00:00,48,0.18805341792774177
2,2026-02-08,2026-02-10 06:00:00,48,0.04152675584162409
2,2026-02-08,2026-02-10 07:00:00,48,0.18150717886621676
2,2026-02-08,2026-02-10 08:00:00,48,0.4879611840007072
2,2026-02-08,2026-02-10 09:00:00,48,0.17670249209907565
2,2026-02-08,2026-02-10 10:00:00,48,0.18489384655240984
2,2026-02-08,2026-02-10 11:00:00,48,0.25757215391057153
2,2026-02-08,2026-02-10 12:00:00,48,0.10446231009829128
2,2026-02-08,2026-02-10 13:00:00,48,0.17052459796766734
2,2026-02-08,2026-02-10 14:00:00,48,0.06425875887372336
2,2026-02-08,2026-02-10 15:00:00,48,0.6203480261468592
2,2026-02-08,2026-02-10 16:00:00,48,0.6335443081759097
2,2026-02-08,2026-02-10 17:00:00,48,0.831768327372537
2,2026-02-08,2026-02-10 18:00:00,48,0.9825075926462064
2,2026-02-08,2026-02-10 19:00:00,48,0.957348814785811
2,2026-02-08,2026-02-10 20:00:00,48,0.8807522831204461
2,2026-02-08,2026-02-10 21:00:00,48,0.6895113332688765
2,2026-02-08,2026-02-10 22:00:00,48,0.4219612220159498
2,2026-02-08,2026-02-10 23:00:00,48,0.06753343248164094
2,2026-02-09,2026-02-10 00:00:00,24,0.025836405495238694
2,2026-02-09,2026-02-10 01:00:00,24,0.07051914526023155
2,2026-02-09,2026-02-10 02:00:00,24,0.13318712159461138
2,2026-02-09,2026-02-10 03:00:00,24,0.23651650405066793
2,2026-02-09,2026-02-10 04:00:00,24,0.16956904242248644
2,2026-02-09,2026-02-10 05:00:00,24,0.20720852458858585
2,2026-02-09,2026-02-10 06:00:00,24,0.054109288216180246
2,2026-02-09,2026-02-10 07:00:00,24,0.06163335395388383
2,2026-02-09,2026-02-10 08:00:00,24,0.1748653959527739
2,2026-02-09,2026-02-10 09:00:00,24,0.29779352342203275
2,2026-02-09,2026-02-10 10:00:00,24,0.2784460580906526
2,2026-02-09,2026-02-10 11:00:00,24,0.287294852321025
2,2026-02-09,2026-02-10 12:00:00,24,0.26398560037757335
2,2026-02-09,2026-02-10 13:00:00,24,0.1350168406732667
2,2026-02-09,2026-02-10 14:00:00,24,0.13122733027349098
2,2026-02-09,2026-02-10 15:00:00,24,0.5381543862792283
2,2026-02-09,2026-02-10 16:00:00,24,0.872896440432647
2,2026-02-09,2026-02-10 17:00:00,24,0.9331370587296446
2,2026-02-09,2026-02-10 18:00:00,24,0.9713351839771521
2,2026-02-09,2026-02-10 19:00:00,24,0.9743882865397431
2,2026-02-09,2026-02-10 20:00:00,24,0.9444892179244953
2,2026-02-09,2026-02-10 21:00:00,24,0.7954718400028522
2,2026-02-09,2026-02-10 22:00:00,24,0.5305835389980201
2,2026-02-09,2026-02-10 23:00:00,24,0.19276121552800748
2,2026-02-09,2026-02-11 00:00:00,48,0.09408657331988463
2,2026-02-09,2026-02-11 01:00:00,48,0.029487894068052262
2,2026-02-09,2026-02-11 02:00:00,48,0.025400748099647173
2,2026-02-09,2026-02-11 03:00:00,48,0.012985185648720535
2,2026-02-09,2026-02-11 04:00:00,48,0.0839140851206511
2,2026-02-09,2026-02-11 05:00:00,48,0.027539682082286576
2,2026-02-09,2026-02-11 06:00:00,48,0.1335270442426543
2,2026-02-09,2026-02-11 07:00:00,48,0.10968463345329403
2,2026-02-09,2026-02-11 08:00:00,48,0.018494034977500136
2,2026-02-09,2026-02-11 09:00:00,48,0.5190903926480488
2,2026-02-09,2026-02-11 10:00:00,48,0.9185029791143385
2,2026-02-09,2026-02-11 11:00:00,48,0.9530887658921169
2,2026-02-09,2026-02-11 12:00:00,48,0.9540673965605025
2,2026-02-09,2026-02-11 13:00:00,48,0.9013359873385107
2,2026-02-09,2026-02-11 14:00:00,48,0.902519320671844
2,2026-02-09,2026-02-11 15:00:00,48,0.8096568979964553
2,2026-02-09,2026-02-11 16:00:00,48,0.7648399026828203
2,2026-02-09,2026-02-11 17:00:00,48,0.592863172758314
2,2026-02-09,2026-02-11 18:00:00,48,0.7369410127537357
2,2026-02-09,2026-02-11 19:00:00,48,0.5491938597737065
2,2026-02-09,2026-02-11 20:00:00,48,0.42159216807854993
2,2026-02-09,2026-02-11 21:00:00,48,0.44937779941024436
2,2026-02-09,2026-02-11 22:00:00,48,0.28768274528411986
2,2026-02-09,2026-02-11 23:00:00,48,0.3050038083364106
2,2026-02-10,2026-02-11 00:00:00,24,0.12206059913752414
2,2026-02-10,2026-02-11 01:00:00,24,0.04350555859276544
2,2026-02-10,2026-02-11 02:00:00,24,0.033091136862257634
2,2026-02-10,2026-02-11 03:00:00,24,0.1476212020083247
2,2026-02-10,2026-02-11 04:00:00,24,0.04367568761502074
2,2026-02-10,2026-02-11 05:00:00,24,0.025680253659602723
2,2026-02-10,2026-02-11 06:00:00,24,0.06447131754858049
2,2026-02-10,2026-02-11 07:00:00,24,0.04479088022610142
2,2026-02-10,2026-02-11 08:00:00,24,0.02738397435495444
2,2026-02-10,2026-02-11 09:00:00,24,0.43054587094831137
2,2026-02-10,2026-02-11 10:00:00,24,0.7981699308313945
2,2026-02-10,2026-02-11 11:00:00,24,0.9227196457810052
2,2026-02-10,2026-02-11 12:00:00,24,0.8729681632958943
2,2026-02-10,2026-02-11 13:00:00,24,0.8074162202324754
2,2026-02-10,2026-02-11 14:00:00,24,0.7751599179073386
2,2026-02-10,2026-02-11 15:00:00,24,0.7323524073851333
2,2026-02-10,2026-02-11 16:00:00,24,0.6916280218087909
2,2026-02-10,2026-02-11 17:00:00,24,0.7489944260126988
2,2026-02-10,2026-02-11 18:00:00,24,0.4072181472537407
2,2026-02-10,2026-02-11 19:00:00,24,0.34912246604649166
2,2026-02-10,2026-02-11 20:00:00,24,0.394752327819105
2,2026-02-10,2026-02-11 21:00:00,24,0.4214183031889561
2,2026-02-10,2026-02-11 22:00:00,24,0.29555923209798307
2,2026-02-10,2026-02-11 23:00:00,24,0.2693107436179138
2,2026-02-10,2026-02-12 00:00:00,48,0.3328526480940809
2,2026-02-10,2026-02-12 01:00:00,48,0.20087380279680328
2,2026-02-10,2026-02-12 02:00:00,48,0.05000504554660278
2,2026-02-10,2026-02-12 03:00:00,48,0.008335058506140199
2,2026-02-10,2026-02-12 04:00:00,48,0.014807148387078474
2,2026-02-10,2026-02-12 05:00:00,48,0.012716871114242983
2,2026-02-10,2026-02-12 06:00:00,48,0.02661051274040733
2,2026-02-10,2026-02-12 07:00:00,48,0.01596861865533864
2,2026-02-10,2026-02-12 08:00:00,48,0.011500945460111007
2,2026-02-10,2026-02-12 09:00:00,48,0.016613329833065155
2,2026-02-10,2026-02-12 10:00:00,48,0.027812242091534815
2,2026-02-10,2026-02-12 11:00:00,48,0.03962710871635548
2,2026-02-10,2026-02-12 12:00:00,48,0.21981150211673925
2,2026-02-10,2026-02-12 13:00:00,48,0.21639312418370185
2,2026-02-10,2026-02-12 14:00:00,48,0.1643547504966739
2,2026-02-10,2026-02-12 15:00:00,48,0.0720050318102229
2,2026-02-10,2026-02-12 16:00:00,48,0.05675908325621752
2,2026-02-10,2026-02-12 17:00:00,48,0.017310239541871823
2,2026-02-10,2026-02-12 18:00:00,48,0.017665079342826007
2,2026-02-10,2026-02-12 19:00:00,48,0.021815219315479403
2,2026-02-10,2026-02-12 20:00:00,48,0.04800233261340506
2,2026-02-10,2026-02-12 21:00:00,48,0.016528075117471678
2,2026-02-10,2026-02-12 22:00:00,48,0.014195657534119386
2,2026-02-10,2026-02-12 23:00:00,48,0.011224265743731561
2,2026-02-11,2026-02-12 00:00:00,24,0.13268986737369054
2,2026-02-11,2026-02-12 01:00:00,24,0.01788121451323154
2,2026-02-11,2026-02-12 02:00:00,24,0.01740439803575081
2,2026-02-11,2026-02-12 03:00:00,24,0.012004398035750808
2,2026-02-11,2026-02-12 04:00:00,24,0.017632482955108244
2,2026-02-11,2026-02-12 05:00:00,24,0.04043649694513578
2,2026-02-11,2026-02-12 06:00:00,24,0.016253313169932594
2,2026-02-11,2026-02-12 07:00:00,24,0.04128628891500073
2,2026-02-11,2026-02-12 08:00:00,24,0.04238628891500075
2,2026-02-11,2026-02-12 09:00:00,24,0.03388623344301159
2,2026-02-11,2026-02-12 10:00:00,24,0.03233564577239013
2,2026-02-11,2026-02-12 11:00:00,24,0.02073055760661012
2,2026-02-11,2026-02-12 12:00:00,24,0.10990365636325673
2,2026-02-11,2026-02-12 13:00:00,24,0.07530968105057426
2,2026-02-11,2026-02-12 14:00:00,24,0.08579430464201648
2,2026-02-11,2026-02-12 15:00:00,24,0.0554096989174305
2,2026-02-11,2026-02-12 16:00:00,24,0.08092290552626703
2,2026-02-11,2026-02-12 17:00:00,24,0.014865707834784546
2,2026-02-11,2026-02-12 18:00:00,24,0.017430550773807535
2,2026-02-11,2026-02-12 19:00:00,24,0.03179957384093207
2,2026-02-11,2026-02-12 20:00:00,24,0.036761852695010824
2,2026-02-11,2026-02-12 21:00:00,24,0.012240191631405013
2,2026-02-11,2026-02-12 22:00:00,24,0.011214081397578464
2,2026-02-11,2026-02-12 23:00:00,24,0.010869678801414146
2,2026-02-11,2026-02-13 00:00:00,48,0.021076821228331783
2,2026-02-11,2026-02-13 01:00:00,48,0.01835536143070162
2,2026-02-11,2026-02-13 02:00:00,48,0.011919879994849733
2,2026-02-11,2026-02-13 03:00:00,48,0.01321927609461444
2,2026-02-11,2026-02-13 04:00:00,48,0.02508447644208755
2,2026-02-11,2026-02-13 05:00:00,48,0.012306420292622158
2,2026-02-11,2026-02-13 06:00:00,48,0.02150642029262215
2,2026-02-11,2026-02-13 07:00:00,48,0.011574833702315863
2,2026-02-11,2026-02-13 08:00:00,48,0.0179889942812433
2,2026-02-11,2026-02-13 09:00:00,48,0.031486233443011595
2,2026-02-11,2026-02-13 10:00:00,48,0.030903240767901654
2,2026-02-11,2026-02-13 11:00:00,48,0.058223815700658654
2,2026-02-11,2026-02-13 12:00:00,48,0.14232909390640858
2,2026-02-11,2026-02-13 13:00:00,48,0.23037783286562694
2,2026-02-11,2026-02-13 14:00:00,48,0.2432824368035508
2,2026-02-11,2026-02-13 15:00:00,48,0.3354600912458578
2,2026-02-11,2026-02-13 16:00:00,48,0.34808509794940534
2,2026-02-11,2026-02-13 17:00:00,48,0.4416452114300203
2,2026-02-11,2026-02-13 18:00:00,48,0.4512289314451535
2,2026-02-11,2026-02-13 19:00:00,48,0.5420977312114723
2,2026-02-11,2026-02-13 20:00:00,48,0.5138314766676519
2,2026-02-11,2026-02-13 21:00:00,48,0.46331729622609513
2,2026-02-11,2026-02-13 22:00:00,48,0.37908044505620814
2,2026-02-11,2026-02-13 23:00:00,48,0.19509463750983722
2,2026-02-12,2026-02-13 00:00:00,24,0.014100042099544286
2,2026-02-12,2026-02-13 01:00:00,24,0.02043975539635286
2,2026-02-12,2026-02-13 02:00:00,24,0.007983753935751249
2,2026-02-12,2026-02-13 03:00:00,24,0.01126672061001421
2,2026-02-12,2026-02-13 04:00:00,24,0.009467488753205291
2,2026-02-12,2026-02-13 05:00:00,24,0.011890664199873242
2,2026-02-12,2026-02-13 06:00:00,24,0.012716871114242983
2,2026-02-12,2026-02-13 07:00:00,24,0.01807938304385376
2,2026-02-12,2026-02-13 08:00:00,24,0.07195295558166742
2,2026-02-12,2026-02-13 09:00:00,24,0.07285699255746345
2,2026-02-12,2026-02-13 10:00:00,24,0.06953973822017528
2,2026-02-12,2026-02-13 11:00:00,24,0.08052790814844382
2,2026-02-12,2026-02-13 12:00:00,24,0.054674961413313475
2,2026-02-12,2026-02-13 13:00:00,24,0.07544064289296204
2,2026-02-12,2026-02-13 14:00:00,24,0.1612520827350205
2,2026-02-12,2026-02-13 15:00:00,24,0.36299232313199153
2,2026-02-12,2026-02-13 16:00:00,24,0.6470021904543246
2,2026-02-12,2026-02-13 17:00:00,24,0.775177043892471
2,2026-02-12,2026-02-13 18:00:00,24,0.5746917822994807
2,2026-02-12,2026-02-13 19:00:00,24,0.5532977312114723
2,2026-02-12,2026-02-13 20:00:00,24,0.5827239415359262
2,2026-02-12,2026-02-13 21:00:00,24,0.5579626104682376
2,2026-02-12,2026-02-13 22:00:00,24,0.6269726632460035
2,2026-02-12,2026-02-13 23:00:00,24,0.5299066030559142
2,2026-02-12,2026-02-14 00:00:00,48,0.08312531331766862
2,2026-02-12,2026-02-14 01:00:00,48,0.017683403977997544
2,2026-02-12,2026-02-14 02:00:00,48,0.01339945036544063
2,2026-02-12,2026-02-14 03:00:00,48,0.01532501423145255
2,2026-02-12,2026-02-14 04:00:00,48,0.010420805108598774
2,2026-02-12,2026-02-14 05:00:00,48,0.013348120828807942
2,2026-02-12,2026-02-14 06:00:00,48,0.009458593778079737
2,2026-02-12,2026-02-14 07:00:00,48,0.0157215651842772
2,2026-02-12,2026-02-14 08:00:00,48,0.039968064586341584
2,2026-02-12,2026-02-14 09:00:00,48,0.08327017193760333
2,2026-02-12,2026-02-14 10:00:00,48,0.054072799686034775
2,2026-02-12,2026-02-14 11:00:00,48,0.07119422925502933
2,2026-02-12,2026-02-14 12:00:00,48,0.2049443390548236
2,2026-02-12,2026-02-14 13:00:00,48,0.18709523056081576
2,2026-02-12,2026-02-14 14:00:00,48,0.2359314340154957
2,2026-02-12,2026-02-14 15:00:00,48,0.18357261453314266
2,2026-02-12,2026-02-14 16:00:00,48,0.10203176951131673
2,2026-02-12,2026-02-14 17:00:00,48,0.07530067963986116
2,2026-02-12,2026-02-14 18:00:00,48,0.019864972063330495
2,2026-02-12,2026-02-14 19:00:00,48,0.01128488180808241
2,2026-02-12,2026-02-14 20:00:00,48,0.016842998111990942
2,2026-02-12,2026-02-14 21:00:00,48,0.016960348822972066
2,2026-02-12,2026-02-14 22:00:00,48,0.0088558165784335
2,2026-02-12,2026-02-14 23:00:00,48,0.053069936789857095
2,2026-02-13,2026-02-14 00:00:00,24,0.45253525669433026
2,2026-02-13,2026-02-14 01:00:00,24,0.3070659205316608
2,2026-02-13,2026-02-14 02:00:00,24,0.0913226111394229
2,2026-02-13,2026-02-14 03:00:00,24,0.08513460331494392
2,2026-02-13,2026-02-14 04:00:00,24,0.04080700560702568
2,2026-02-13,2026-02-14 05:00:00,24,0.013512764016804873
2,2026-02-13,2026-02-14 06:00:00,24,0.018453313169932595
2,2026-02-13,2026-02-14 07:00:00,24,0.01331659454599999
2,2026-02-13,2026-02-14 08:00:00,24,0.014633520794081175
2,2026-02-13,2026-02-14 09:00:00,24,0.0454230425895428
2,2026-02-13,2026-02-14 10:00:00,24,0.014142591424438777
2,2026-02-13,2026-02-14 11:00:00,24,0.01423340405556359
2,2026-02-13,2026-02-14 12:00:00,24,0.01371504925092814
2,2026-02-13,2026-02-14 13:00:00,24,0.013411136906302622
2,2026-02-13,2026-02-14 14:00:00,24,0.01682453009528213
2,2026-02-13,2026-02-14 15:00:00,24,0.027279789445471478
2,2026-02-13,2026-02-14 16:00:00,24,0.030562577006863736
2,2026-02-13,2026-02-14 17:00:00,24,0.031315261663954666
2,2026-02-13,2026-02-14 18:00:00,24,0.011285206233738968
2,2026-02-13,2026-02-14 19:00:00,24,0.011372022104269946
2,2026-02-13,2026-02-14 20:00:00,24,0.015803019670129526
2,2026-02-13,2026-02-14 21:00:00,24,0.011077446917399121
2,2026-02-13,2026-02-14 22:00:00,24,0.03254999070401844
2,2026-02-13,2026-02-14 23:00:00,24,0.060682786706051164
2,2026-02-13,2026-02-15 00:00:00,48,0.06624441077547885
2,2026-02-13,2026-02-15 01:00:00,48,0.17924514605916145
2,2026-02-13,2026-02-15 02:00:00,48,0.2984876867531928
2,2026-02-13,2026-02-15 03:00:00,48,0.43020809853107944
2,2026-02-13,2026-02-15 04:00:00,48,0.5014296205018447
2,2026-02-13,2026-02-15 05:00:00,48,0.7318252829674199
2,2026-02-13,2026-02-15 06:00:00,48,0.8824114699974264
2,2026-02-13,2026-02-15 07:00:00,48,0.9675042169431404
2,2026-02-13,2026-02-15 08:00:00,48,0.9705533495688023
2,2026-02-13,2026-02-15 09:00:00,48,0.9672910462609331
2,2026-02-13,2026-02-15 10:00:00,48,0.9192074922359387
2,2026-02-13,2026-02-15 11:00:00,48,0.8547651382551212
2,2026-02-13,2026-02-15 12:00:00,48,0.8765151382551212
2,2026-02-13,2026-02-15 13:00:00,48,0.8183462582821135
2,2026-02-13,2026-02-15 14:00:00,48,0.7827648000792425
2,2026-02-13,2026-02-15 15:00:00,48,0.8480467867996946
2,2026-02-13,2026-02-15 16:00:00,48,0.8368259196486296
2,2026-02-13,2026-02-15 17:00:00,48,0.6627494669413475
2,2026-02-13,2026-02-15 18:00:00,48,0.49520334371242175
2,2026-02-13,2026-02-15 19:00:00,48,0.4758433048640606
2,2026-02-13,2026-02-15 20:00:00,48,0.4815265165929382
2,2026-02-13,2026-02-15 21:00:00,48,0.4500751012950078
2,2026-02-13,2026-02-15 22:00:00,48,0.3773849688862023
2,2026-02-13,2026-02-15 23:00:00,48,0.3253979027822986
2,2026-02-14,2026-02-15 00:00:00,24,0.04024150579679389
2,2026-02-14,2026-02-15 01:00:00,24,0.22038635411470528
2,2026-02-14,2026-02-15 02:00:00,24,0.23968149376447556
2,2026-02-14,2026-02-15 03:00:00,24,0.4554836500318916
2,2026-02-14,2026-02-15 04:00:00,24,0.5818884980959611
2,2026-02-14,2026-02-15 05:00:00,24,0.7360925301010068
2,2026-02-14,2026-02-15 06:00:00,24,0.853411417554037
2,2026-02-14,2026-02-15 07:00:00,24,0.9676195598640214
2,2026-02-14,2026-02-15 08:00:00,24,0.970004673314588
2,2026-02-14,2026-02-15 09:00:00,24,0.9471502222564043
2,2026-02-14,2026-02-15 10:00:00,24,0.8767984906694531
2,2026-02-14,2026-02-15 11:00:00,24,0.8615151382551213
2,2026-02-14,2026-02-15 12:00:00,24,0.8532680053730379
2,2026-02-14,2026-02-15 13:00:00,24,0.6361102525349907
2,2026-02-14,2026-02-15 14:00:00,24,0.631628122876963
2,2026-02-14,2026-02-15 15:00:00,24,0.6964449014308763
2,2026-02-14,2026-02-15 16:00:00,24,0.5649631263666287
2,2026-02-14,2026-02-15 17:00:00,24,0.36433880765084276
2,2026-02-14,2026-02-15 18:00:00,24,0.29033623922577934
2,2026-02-14,2026-02-15 19:00:00,24,0.2321981128005207
2,2026-02-14,2026-02-15 20:00:00,24,0.3270866598772043
2,2026-02-14,2026-02-15 21:00:00,24,0.3493320971075897
2,2026-02-14,2026-02-15 22:00:00,24,0.4149650062196984
2,2026-02-14,2026-02-15 23:00:00,24,0.45640422613579296
2,2026-02-14,2026-02-16 00:00:00,48,0.30585674719533357
2,2026-02-14,2026-02-16 01:00:00,48,0.27782033616495355
2,2026-02-14,2026-02-16 02:00:00,48,0.38258511595316913
2,2026-02-14,2026-02-16 03:00:00,48,0.5138560750919994
2,2026-02-14,2026-02-16 04:00:00,48,0.5461154173290949
2,2026-02-14,2026-02-16 05:00:00,48,0.305291853911362
2,2026-02-14,2026-02-16 06:00:00,48,0.3609834189857348
2,2026-02-14,2026-02-16 07:00:00,48,0.2935649240836012
2,2026-02-14,2026-02-16 08:00:00,48,0.16151604792833724
2,2026-02-14,2026-02-16 09:00:00,48,0.28170778644287087
2,2026-02-14,2026-02-16 10:00:00,48,0.2835385921265276
2,2026-02-14,2026-02-16 11:00:00,48,0.3902663554953909
2,2026-02-14,2026-02-16 12:00:00,48,0.5434573925952841
2,2026-02-14,2026-02-16 13:00:00,48,0.31204646965683003
2,2026-02-14,2026-02-16 14:00:00,48,0.40945673565749985
2,2026-02-14,2026-02-16 15:00:00,48,0.5457516928375044
2,2026-02-14,2026-02-16 16:00:00,48,0.5775571766401492
2,2026-02-14,2026-02-16 17:00:00,48,0.5202017403415898
2,2026-02-14,2026-02-16 18:00:00,48,0.3797454679549314
2,2026-02-14,2026-02-16 19:00:00,48,0.32544539903924125
2,2026-02-14,2026-02-16 20:00:00,48,0.35506114390087323
2,2026-02-14,2026-02-16 21:00:00,48,0.35839055315319174
2,2026-02-14,2026-02-16 22:00:00,48,0.295130393195526
2,2026-02-14,2026-02-16 23:00:00,48,0.33684682606569444
2,2026-02-15,2026-02-16 00:00:00,24,0.47200015072872004
2,2026-02-15,2026-02-16 01:00:00,24,0.4952884452106511
2,2026-02-15,2026-02-16 02:00:00,24,0.5126032217844567
2,2026-02-15,2026-02-16 03:00:00,24,0.432185890372995
2,2026-02-15,2026-02-16 04:00:00,24,0.5405155298994161
2,2026-02-15,2026-02-16 05:00:00,24,0.44534488723508536
2,2026-02-15,2026-02-16 06:00:00,24,0.6501892556393728
2,2026-02-15,2026-02-16 07:00:00,24,0.7247866390901433
2,2026-02-15,2026-02-16 08:00:00,24,0.6714779213964003
2,2026-02-15,2026-02-16 09:00:00,24,0.6325070061290516
2,2026-02-15,2026-02-16 10:00:00,24,0.3488620424287636
2,2026-02-15,2026-02-16 11:00:00,24,0.29467528384292413
2,2026-02-15,2026-02-16 12:00:00,24,0.24612259262575828
2,2026-02-15,2026-02-16 13:00:00,24,0.34124588964712327
2,2026-02-15,2026-02-16 14:00:00,24,0.2973614117050368
2,2026-02-15,2026-02-16 15:00:00,24,0.2939614117050368
2,2026-02-15,2026-02-16 16:00:00,24,0.3087641772772684
2,2026-02-15,2026-02-16 17:00:00,24,0.24324281538179018
2,2026-02-15,2026-02-16 18:00:00,24,0.211237077541846
2,2026-02-15,2026-02-16 19:00:00,24,0.19592427750021874
2,2026-02-15,2026-02-16 20:00:00,24,0.29350389450673064
2,2026-02-15,2026-02-16 21:00:00,24,0.3505601293383765
2,2026-02-15,2026-02-16 22:00:00,24,0.45883708036233584
2,2026-02-15,2026-02-16 23:00:00,24,0.3388047055768039
2,2026-02-15,2026-02-17 00:00:00,48,0.24770934840703895
2,2026-02-15,2026-02-17 01:00:00,48,0.25765100566569044
2,2026-02-15,2026-02-17 02:00:00,48,0.12045470298448628
2,2026-02-15,2026-02-17 03:00:00,48,0.06702153258429017
2,2026-02-15,2026-02-17 04:00:00,48,0.0802951218219121
2,2026-02-15,2026-02-17 05:00:00,48,0.17118189975196083
2,2026-02-15,2026-02-17 06:00:00,48,0.08386021904107958
2,2026-02-15,2026-02-17 07:00:00,48,0.14841428455046102
2,2026-02-15,2026-02-17 08:00:00,48,0.09047071033098669
2,2026-02-15,2026-02-17 09:00:00,48,0.24798790004145305
2,2026-02-15,2026-02-17 10:00:00,48,0.3323726301281189
2,2026-02-15,2026-02-17 11:00:00,48,0.36994682893500963
2,2026-02-15,2026-02-17 12:00:00,48,0.5922426091351811
2,2026-02-15,2026-02-17 13:00:00,48,0.6638099118334438
2,2026-02-15,2026-02-17 14:00:00,48,0.6227542116949328
2,2026-02-15,2026-02-17 15:00:00,48,0.5891412961395741
2,2026-02-15,2026-02-17 16:00:00,48,0.5856728248189004
2,2026-02-15,2026-02-17 17:00:00,48,0.5427413694465719
2,2026-02-15,2026-02-17 18:00:00,48,0.6994026445769254
2,2026-02-15,2026-02-17 19:00:00,48,0.8855671840989483
2,2026-02-15,2026-02-17 20:00:00,48,0.9610539326183796
2,2026-02-15,2026-02-17 21:00:00,48,0.7917085938887749
2,2026-02-15,2026-02-17 22:00:00,48,0.5347479813132765
2,2026-02-15,2026-02-17 23:00:00,48,0.5263523204413372
2,2026-02-16,2026-02-17 00:00:00,24,0.04095862172043335
2,2026-02-16,2026-02-17 01:00:00,24,0.025766642081790185
2,2026-02-16,2026-02-17 02:00:00,24,0.06221299990203334
2,2026-02-16,2026-02-17 03:00:00,24,0.13599447216758292
2,2026-02-16,2026-02-17 04:00:00,24,0.25956205798296816
2,2026-02-16,2026-02-17 05:00:00,24,0.3669145985376532
2,2026-02-16,2026-02-17 06:00:00,24,0.1360111527056997
2,2026-02-16,2026-02-17 07:00:00,24,0.21082834494305638
2,2026-02-16,2026-02-17 08:00:00,24,0.2274503535451457
2,2026-02-16,2026-02-17 09:00:00,24,0.28445303240312225
2,2026-02-16,2026-02-17 10:00:00,24,0.25339634632472025
2,2026-02-16,2026-02-17 11:00:00,24,0.23726062961716385
2,2026-02-16,2026-02-17 12:00:00,24,0.56457372874588
2,2026-02-16,2026-02-17 13:00:00,24,0.5740128705542908
2,2026-02-16,2026-02-17 14:00:00,24,0.6902806990784974
2,2026-02-16,2026-02-17 15:00:00,24,0.7928201674281847
2,2026-02-16,2026-02-17 16:00:00,24,0.7762174764589654
2,2026-02-16,2026-02-17 17:00:00,24,0.6461627239019287
2,2026-02-16,2026-02-17 18:00:00,24,0.5022188439080568
2,2026-02-16,2026-02-17 19:00:00,24,0.5319125700540919
2,2026-02-16,2026-02-17 20:00:00,24,0.6818294359918126
2,2026-02-16,2026-02-17 21:00:00,24,0.4275298512713872
2,2026-02-16,2026-02-17 22:00:00,24,0.4193965179380539
2,2026-02-16,2026-02-17 23:00:00,24,0.4865365846824401
2,2026-02-16,2026-02-18 00:00:00,48,0.7605259464685719
2,2026-02-16,2026-02-18 01:00:00,48,0.8136870800248431
2,2026-02-16,2026-02-18 02:00:00,48,0.8068053972603427
2,2026-02-16,2026-02-18 03:00:00,48,0.8672788630200218
2,2026-02-16,2026-02-18 04:00:00,48,0.7429789752112035
2,2026-02-16,2026-02-18 05:00:00,48,0.7969756071109917
2,2026-02-16,2026-02-18 06:00:00,48,0.9626026932409859
2,2026-02-16,2026-02-18 07:00:00,48,0.976268495275256
2,2026-02-16,2026-02-18 08:00:00,48,0.9802875223055473
2,2026-02-16,2026-02-18 09:00:00,48,0.9759975904214669
2,2026-02-16,2026-02-18 10:00:00,48,0.9657875506707567
2,2026-02-16,2026-02-18 11:00:00,48,0.9709661590505383
2,2026-02-16,2026-02-18 12:00:00,48,0.8595352512369606
2,2026-02-16,2026-02-18 13:00:00,48,0.5418686508450477
2,2026-02-16,2026-02-18 14:00:00,48,0.5008356974215
2,2026-02-16,2026-02-18 15:00:00,48,0.592610110190909
2,2026-02-16,2026-02-18 16:00:00,48,0.6334489353346316
2,2026-02-16,2026-02-18 17:00:00,48,0.5167377469191401
2,2026-02-16,2026-02-18 18:00:00,48,0.35028601492342687
2,2026-02-16,2026-02-18 19:00:00,48,0.4241802898338586
2,2026-02-16,2026-02-18 20:00:00,48,0.2481739091535239
2,2026-02-16,2026-02-18 21:00:00,48,0.2976861433504638
2,2026-02-16,2026-02-18 22:00:00,48,0.29933895874531313
2,2026-02-16,2026-02-18 23:00:00,48,0.19254072562102928
2,2026-02-17,2026-02-18 00:00:00,24,0.49616916863946725
2,2026-02-17,2026-02-18 01:00:00,24,0.39237942810474524
2,2026-02-17,2026-02-18 02:00:00,24,0.6406826430286993
2,2026-02-17,2026-02-18 03:00:00,24,0.8275031815889138
2,2026-02-17,2026-02-18 04:00:00,24,0.8754839077457826
2,2026-02-17,2026-02-18 05:00:00,24,0.8702318804449285
2,2026-02-17,2026-02-18 06:00:00,24,0.9741025958149374
2,2026-02-17,2026-02-18 07:00:00,24,0.9844539141122584
2,2026-02-17,2026-02-18 08:00:00,24,0.9843928223400167
2,2026-02-17,2026-02-18 09:00:00,24,0.9863935391970666
2,2026-02-17,2026-02-18 10:00:00,24,0.9651460057038117
2,2026-02-17,2026-02-18 11:00:00,24,0.9781654612622399
2,2026-02-17,2026-02-18 12:00:00,24,0.9263019179036274
2,2026-02-17,2026-02-18 13:00:00,24,0.599686218988138
2,2026-02-17,2026-02-18 14:00:00,24,0.5699626564159898
2,2026-02-17,2026-02-18 15:00:00,24,0.4398477093413487
2,2026-02-17,2026-02-18 16:00:00,24,0.5226911892318894
2,2026-02-17,2026-02-18 17:00:00,24,0.3559146307178251
2,2026-02-17,2026-02-18 18:00:00,24,0.33073709056604816
2,2026-02-17,2026-02-18 19:00:00,24,0.36851276115021675
2,2026-02-17,2026-02-18 20:00:00,24,0.217717892395348
2,2026-02-17,2026-02-18 21:00:00,24,0.21868490841745122
2,2026-02-17,2026-02-18 22:00:00,24,0.20030301222636804
2,2026-02-17,2026-02-18 23:00:00,24,0.2308195324784126
2,2026-02-17,2026-02-19 00:00:00,48,0.26623487054882555
2,2026-02-17,2026-02-19 01:00:00,48,0.3260053233338399
2,2026-02-17,2026-02-19 02:00:00,48,0.2858365294906107
2,2026-02-17,2026-02-19 03:00:00,48,0.3051628938107192
2,2026-02-17,2026-02-19 04:00:00,48,0.538222262721629
2,2026-02-17,2026-02-19 05:00:00,48,0.2542787960803783
2,2026-02-17,2026-02-19 06:00:00,48,0.4083041761884112
2,2026-02-17,2026-02-19 07:00:00,48,0.17852736588259654
2,2026-02-17,2026-02-19 08:00:00,48,0.1481636212843212
2,2026-02-17,2026-02-19 09:00:00,48,0.16357294291707325
2,2026-02-17,2026-02-19 10:00:00,48,0.1095078401784523
2,2026-02-17,2026-02-19 11:00:00,48,0.13589444045725188
2,2026-02-17,2026-02-19 12:00:00,48,0.13389419390229673
2,2026-02-17,2026-02-19 13:00:00,48,0.0762507120018262
2,2026-02-17,2026-02-19 14:00:00,48,0.02927482580583672
2,2026-02-17,2026-02-19 15:00:00,48,0.019181955634923836
2,2026-02-17,2026-02-19 16:00:00,48,0.04974759570612791
2,2026-02-17,2026-02-19 17:00:00,48,0.20383191480689153
2,2026-02-17,2026-02-19 18:00:00,48,0.3550845270639849
2,2026-02-17,2026-02-19 19:00:00,48,0.23625908362912476
2,2026-02-17,2026-02-19 20:00:00,48,0.15476057097553925
2,2026-02-17,2026-02-19 21:00:00,48,0.2566844977628586
2,2026-02-17,2026-02-19 22:00:00,48,0.3934495820236256
2,2026-02-17,2026-02-19 23:00:00,48,0.36592974355041963
2,2026-02-18,2026-02-19 00:00:00,24,0.12705956400439247
2,2026-02-18,2026-02-19 01:00:00,24,0.13045307544236687
2,2026-02-18,2026-02-19 02:00:00,24,0.13503259614062843
2,2026-02-18,2026-02-19 03:00:00,24,0.15431438632294622
2,2026-02-18,2026-02-19 04:00:00,24,0.19349361603152912
2,2026-02-18,2026-02-19 05:00:00,24,0.2812035064404875
2,2026-02-18,2026-02-19 06:00:00,24,0.17228348928450435
2,2026-02-18,2026-02-19 07:00:00,24,0.19591411919250254
2,2026-02-18,2026-02-19 08:00:00,24,0.18691411919250256
2,2026-02-18,2026-02-19 09:00:00,24,0.1772478244237642
2,2026-02-18,2026-02-19 10:00:00,24,0.12766272908627757
2,2026-02-18,2026-02-19 11:00:00,24,0.06500816506279584
2,2026-02-18,2026-02-19 12:00:00,24,0.09812306108331098
2,2026-02-18,2026-02-19 13:00:00,24,0.03447903214893712
2,2026-02-18,2026-02-19 14:00:00,24,0.03236340808019627
2,2026-02-18,2026-02-19 15:00:00,24,0.1586178507781007
2,2026-02-18,2026-02-19 16:00:00,24,0.20352280938711242
2,2026-02-18,2026-02-19 17:00:00,24,0.42721317175977686
2,2026-02-18,2026-02-19 18:00:00,24,0.28525159177656645
2,2026-02-18,2026-02-19 19:00:00,24,0.40781670516640306
2,2026-02-18,2026-02-19 20:00:00,24,0.4442825432976651
2,2026-02-18,2026-02-19 21:00:00,24,0.452340550381825
2,2026-02-18,2026-02-19 22:00:00,24,0.3949518339786587
2,2026-02-18,2026-02-19 23:00:00,24,0.4391749076778718
2,2026-02-18,2026-02-20 00:00:00,48,0.46411289023840113
2,2026-02-18,2026-02-20 01:00:00,48,0.4783499137620145
2,2026-02-18,2026-02-20 02:00:00,48,0.42127476254770924
2,2026-02-18,2026-02-20 03:00:00,48,0.3815086617202763
2,2026-02-18,2026-02-20 04:00:00,48,0.22574072218145555
2,2026-02-18,2026-02-20 05:00:00,48,0.13366755482913387
2,2026-02-18,2026-02-20 06:00:00,48,0.09941484101280508
2,2026-02-18,2026-02-20 07:00:00,48,0.04787697089361255
2,2026-02-18,2026-02-20 08:00:00,48,0.030744932772960136
2,2026-02-18,2026-02-20 09:00:00,48,0.020629085925814066
2,2026-02-18,2026-02-20 10:00:00,48,0.016212785056878006
2,2026-02-18,2026-02-20 11:00:00,48,0.04830407882375223
2,2026-02-18,2026-02-20 12:00:00,48,0.11227527180929127
2,2026-02-18,2026-02-20 13:00:00,48,0.6411146084998737
2,2026-02-18,2026-02-20 14:00:00,48,0.7723555732033835
2,2026-02-18,2026-02-20 15:00:00,48,0.7615080137216484
2,2026-02-18,2026-02-20 16:00:00,48,0.8569308470248417
2,2026-02-18,2026-02-20 17:00:00,48,0.8204610899521672
2,2026-02-18,2026-02-20 18:00:00,48,0.8024065734400119
2,2026-02-18,2026-02-20 19:00:00,48,0.8451746810897005
2,2026-02-18,2026-02-20 20:00:00,48,0.7174045547189898
2,2026-02-18,2026-02-20 21:00:00,48,0.5817488824091596
2,2026-02-18,2026-02-20 22:00:00,48,0.47786360804355316
2,2026-02-18,2026-02-20 23:00:00,48,0.2713980782131873
2,2026-02-19,2026-02-20 00:00:00,24,0.5024295569050676
2,2026-02-19,2026-02-20 01:00:00,24,0.5348165804286812
2,2026-02-19,2026-02-20 02:00:00,24,0.5938237222080279
2,2026-02-19,2026-02-20 03:00:00,24,0.5358330136471056
2,2026-02-19,2026-02-20 04:00:00,24,0.3078225587881152
2,2026-02-19,2026-02-20 05:00:00,24,0.23632951595783008
2,2026-02-19,2026-02-20 06:00:00,24,0.21562418583808626
2,2026-02-19,2026-02-20 07:00:00,24,0.1492197357771721
2,2026-02-19,2026-02-20 08:00:00,24,0.09927355090398168
2,2026-02-19,2026-02-20 09:00:00,24,0.07229723917166804
2,2026-02-19,2026-02-20 10:00:00,24,0.046925932090559654
2,2026-02-19,2026-02-20 11:00:00,24,0.02809938805993991
2,2026-02-19,2026-02-20 12:00:00,24,0.027299388059939908
2,2026-02-19,2026-02-20 13:00:00,24,0.04020709743415152
2,2026-02-19,2026-02-20 14:00:00,24,0.11808296377106699
2,2026-02-19,2026-02-20 15:00:00,24,0.5062133261405357
2,2026-02-19,2026-02-20 16:00:00,24,0.6211681649299302
2,2026-02-19,2026-02-20 17:00:00,24,0.7647103964337154
2,2026-02-19,2026-02-20 18:00:00,24,0.8581794157096618
2,2026-02-19,2026-02-20 19:00:00,24,0.8147264635412206
2,2026-02-19,2026-02-20 20:00:00,24,0.6429571009440704
2,2026-02-19,2026-02-20 21:00:00,24,0.5938822157424928
2,2026-02-19,2026-02-20 22:00:00,24,0.5406002113242432
2,2026-02-19,2026-02-20 23:00:00,24,0.43499845735739784
2,2026-02-19,2026-02-21 00:00:00,48,0.20390138276724848
2,2026-02-19,2026-02-21 01:00:00,48,0.10545855218921599
2,2026-02-19,2026-02-21 02:00:00,48,0.16694731511005512
2,2026-02-19,2026-02-21 03:00:00,48,0.3060245020967239
2,2026-02-19,2026-02-21 04:00:00,48,0.16917683007208587
2,2026-02-19,2026-02-21 05:00:00,48,0.020306420292622158
2,2026-02-19,2026-02-21 06:00:00,48,0.8771106235264713
2,2026-02-19,2026-02-21 07:00:00,48,0.9176255228347624
2,2026-02-19,2026-02-21 08:00:00,48,0.8835982667830088
2,2026-02-19,2026-02-21 09:00:00,48,0.6584202184845763
2,2026-02-19,2026-02-21 10:00:00,48,0.4191900515500039
2,2026-02-19,2026-02-21 11:00:00,48,0.17240692336351085
2,2026-02-19,2026-02-21 12:00:00,48,0.15137639001265135
2,2026-02-19,2026-02-21 13:00:00,48,0.1156362009890981
2,2026-02-19,2026-02-21 14:00:00,48,0.28255156991832353
2,2026-02-19,2026-02-21 15:00:00,48,0.3419021492357053
2,2026-02-19,2026-02-21 16:00:00,48,0.44578059841700035
2,2026-02-19,2026-02-21 17:00:00,48,0.6875814063100634
2,2026-02-19,2026-02-21 18:00:00,48,0.49363174479516425
2,2026-02-19,2026-02-21 19:00:00,48,0.5538074368724601
2,2026-02-19,2026-02-21 20:00:00,48,0.4292206319784069
2,2026-02-19,2026-02-21 21:00:00,48,0.25626564534335433
2,2026-02-19,2026-02-21 22:00:00,48,0.19553147303028415
2,2026-02-19,2026-02-21 23:00:00,48,0.0633216173439573
2,2026-02-20,2026-02-21 00:00:00,24,0.3353346181728297
2,2026-02-20,2026-02-21 01:00:00,24,0.20797904408711723
2,2026-02-20,2026-02-21 02:00:00,24,0.15828973382982334
2,2026-02-20,2026-02-21 03:00:00,24,0.14845526308145673
2,2026-02-20,2026-02-21 04:00:00,24,0.011429543767033831
2,2026-02-20,2026-02-21 05:00:00,24,0.23857112341914866
2,2026-02-20,2026-02-21 06:00:00,24,0.85407855884318
2,2026-02-20,2026-02-21 07:00:00,24,0.8803982667830088
2,2026-02-20,2026-02-21 08:00:00,24,0.966018676727912
2,2026-02-20,2026-02-21 09:00:00,24,0.9312319665885692
2,2026-02-20,2026-02-21 10:00:00,24,0.7738124573384686
2,2026-02-20,2026-02-21 11:00:00,24,0.478957975098537
2,2026-02-20,2026-02-21 12:00:00,24,0.30179765984757695
2,2026-02-20,2026-02-21 13:00:00,24,0.15822012100130056
2,2026-02-20,2026-02-21 14:00:00,24,0.24510195637000806
2,2026-02-20,2026-02-21 15:00:00,24,0.4920298145996528
2,2026-02-20,2026-02-21 16:00:00,24,0.545747265083667
2,2026-02-20,2026-02-21 17:00:00,24,0.551797265083667
2,2026-02-20,2026-02-21 18:00:00,24,0.16429782850548477
2,2026-02-20,2026-02-21 19:00:00,24,0.11215806647209961
2,2026-02-20,2026-02-21 20:00:00,24,0.11836290473425272
2,2026-02-20,2026-02-21 21:00:00,24,0.04812391982909365
2,2026-02-20,2026-02-21 22:00:00,24,0.01096722058337165
2,2026-02-20,2026-02-21 23:00:00,24,0.012498867707894101
2,2026-02-20,2026-02-22 00:00:00,48,0.01178276248852533
2,2026-02-20,2026-02-22 01:00:00,48,0.011778729358168134
2,2026-02-20,2026-02-22 02:00:00,48,0.014693457229044938
2,2026-02-20,2026-02-22 03:00:00,48,0.019769108419137323
2,2026-02-20,2026-02-22 04:00:00,48,0.02520713871567214
2,2026-02-20,2026-02-22 05:00:00,48,0.05626260030941786
2,2026-02-20,2026-02-22 06:00:00,48,0.18279787018496887
2,2026-02-20,2026-02-22 07:00:00,48,0.5333812677114409
2,2026-02-20,2026-02-22 08:00:00,48,0.7416734507659045
2,2026-02-20,2026-02-22 09:00:00,48,0.8404327601142569
2,2026-02-20,2026-02-22 10:00:00,48,0.8349050654388604
2,2026-02-20,2026-02-22 11:00:00,48,0.7839078080653088
2,2026-02-20,2026-02-22 12:00:00,48,0.7099171381687651
2,2026-02-20,2026-02-22 13:00:00,48,0.3850199823117915
2,2026-02-20,2026-02-22 14:00:00,48,0.16833011573913798
2,2026-02-20,2026-02-22 15:00:00,48,0.1315513173174366
2,2026-02-20,2026-02-22 16:00:00,48,0.11038429761564021
2,2026-02-20,2026-02-22 17:00:00,48,0.12873643149773095
2,2026-02-20,2026-02-22 18:00:00,48,0.044472628638853456
2,2026-02-20,2026-02-22 19:00:00,48,0.020796204160354492
2,2026-02-20,2026-02-22 20:00:00,48,0.02251563091659699
2,2026-02-20,2026-02-22 21:00:00,48,0.03225888050880017
2,2026-02-20,2026-02-22 22:00:00,48,0.03870309297898468
2,2026-02-20,2026-02-22 23:00:00,48,0.0389585228778799
2,2026-02-21,2026-02-22 00:00:00,24,0.011393843384754866
2,2026-02-21,2026-02-22 01:00:00,24,0.024291703234996957
2,2026-02-21,2026-02-22 02:00:00,24,0.05839898407865283
2,2026-02-21,2026-02-22 03:00:00,24,0.2986951607960378
2,2026-02-21,2026-02-22 04:00:00,24,0.30613263846456185
2,2026-02-21,2026-02-22 05:00:00,24,0.6700014948501289
2,2026-02-21,2026-02-22 06:00:00,24,0.7720867041736079
2,2026-02-21,2026-02-22 07:00:00,24,0.9017591845730173
2,2026-02-21,2026-02-22 08:00:00,24,0.9591180046706997
2,2026-02-21,2026-02-22 09:00:00,24,0.8552810345036692
2,2026-02-21,2026-02-22 10:00:00,24,0.8177827782661972
2,2026-02-21,2026-02-22 11:00:00,24,0.7404634759957737
2,2026-02-21,2026-02-22 12:00:00,24,0.6493760643071066
2,2026-02-21,2026-02-22 13:00:00,24,0.38688664897845815
2,2026-02-21,2026-02-22 14:00:00,24,0.12967045231379526
2,2026-02-21,2026-02-22 15:00:00,24,0.07534014941510372
2,2026-02-21,2026-02-22 16:00:00,24,0.042240445813367174
2,2026-02-21,2026-02-22 17:00:00,24,0.025147124148392482
2,2026-02-21,2026-02-22 18:00:00,24,0.026251455420997768
2,2026-02-21,2026-02-22 19:00:00,24,0.022664464092731006
2,2026-02-21,2026-02-22 20:00:00,24,0.018646726418805343
2,2026-02-21,2026-02-22 21:00:00,24,0.01946669369130611
2,2026-02-21,2026-02-22 22:00:00,24,0.03101234443073846
2,2026-02-21,2026-02-22 23:00:00,24,0.018561983983348795
2,2026-02-21,2026-02-23 00:00:00,48,0.03041101956682674
2,2026-02-21,2026-02-23 01:00:00,48,0.060305490063158065
2,2026-02-21,2026-02-23 02:00:00,48,0.05589426064047474
2,2026-02-21,2026-02-23 03:00:00,48,0.04508501076141965
2,2026-02-21,2026-02-23 04:00:00,48,0.05293341516233528
2,2026-02-21,2026-02-23 05:00:00,48,0.07320303677233463
2,2026-02-21,2026-02-23 06:00:00,48,0.16925882186774488
2,2026-02-21,2026-02-23 07:00:00,48,0.3339074660359482
2,2026-02-21,2026-02-23 08:00:00,48,0.40160195627132766
2,2026-02-21,2026-02-23 09:00:00,48,0.5589778611070928
2,2026-02-21,2026-02-23 10:00:00,48,0.711656423173515
2,2026-02-21,2026-02-23 11:00:00,48,0.7604732860600947
2,2026-02-21,2026-02-23 12:00:00,48,0.7693400067499072
2,2026-02-21,2026-02-23 13:00:00,48,0.7739586702450534
2,2026-02-21,2026-02-23 14:00:00,48,0.7722586702450535
2,2026-02-21,2026-02-23 15:00:00,48,0.7722586702450535
2,2026-02-21,2026-02-23 16:00:00,48,0.7738614913458213
2,2026-02-21,2026-02-23 17:00:00,48,0.7629735645527319
2,2026-02-21,2026-02-23 18:00:00,48,0.7514350003298751
2,2026-02-21,2026-02-23 19:00:00,48,0.7520658056895052
2,2026-02-21,2026-02-23 20:00:00,48,0.5811604785028541
2,2026-02-21,2026-02-23 21:00:00,48,0.5356696030158479
2,2026-02-21,2026-02-23 22:00:00,48,0.5292891452597495
2,2026-02-21,2026-02-23 23:00:00,48,0.5533743428983198
2,2026-02-22,2026-02-23 00:00:00,24,0.015150439913426043
2,2026-02-22,2026-02-23 01:00:00,24,0.022643325277631
2,2026-02-22,2026-02-23 02:00:00,24,0.06389426064047474
2,2026-02-22,2026-02-23 03:00:00,24,0.08913126374010646
2,2026-02-22,2026-02-23 04:00:00,24,0.08396035834193971
2,2026-02-22,2026-02-23 05:00:00,24,0.0892146347183315
2,2026-02-22,2026-02-23 06:00:00,24,0.1402170521571957
2,2026-02-22,2026-02-23 07:00:00,24,0.12324394038480298
2,2026-02-22,2026-02-23 08:00:00,24,0.19374639304802632
2,2026-02-22,2026-02-23 09:00:00,24,0.34345584127036627
2,2026-02-22,2026-02-23 10:00:00,24,0.3514691572583998
2,2026-02-22,2026-02-23 11:00:00,24,0.6064794733511555
2,2026-02-22,2026-02-23 12:00:00,24,0.5786315449093064
2,2026-02-22,2026-02-23 13:00:00,24,0.6574300572091089
2,2026-02-22,2026-02-23 14:00:00,24,0.7588025005864338
2,2026-02-22,2026-02-23 15:00:00,24,0.7723407856848501
2,2026-02-22,2026-02-23 16:00:00,24,0.7794993480090332
2,2026-02-22,2026-02-23 17:00:00,24,0.8538578474633425
2,2026-02-22,2026-02-23 18:00:00,24,0.7684566187616246
2,2026-02-22,2026-02-23 19:00:00,24,0.7607842899867322
2,2026-02-22,2026-02-23 20:00:00,24,0.6921290007954519
2,2026-02-22,2026-02-23 21:00:00,24,0.5583693405530893
2,2026-02-22,2026-02-23 22:00:00,24,0.5285391452597497
2,2026-02-22,2026-02-23 23:00:00,24,0.5041058119264161
2,2026-02-22,2026-02-24 00:00:00,48,0.6338958404549415
2,2026-02-22,2026-02-24 01:00:00,48,0.6118328639785549
2,2026-02-22,2026-02-24 02:00:00,48,0.6030497931079805
2,2026-02-22,2026-02-24 03:00:00,48,0.4025850842126708
2,2026-02-22,2026-02-24 04:00:00,48,0.3589177073220865
2,2026-02-22,2026-02-24 05:00:00,48,0.3107200820334751
2,2026-02-22,2026-02-24 06:00:00,48,0.39715477256243725
2,2026-02-22,2026-02-24 07:00:00,48,0.346982612006502
2,2026-02-22,2026-02-24 08:00:00,48,0.2926317033097114
2,2026-02-22,2026-02-24 09:00:00,48,0.23183276525645108
2,2026-02-22,2026-02-24 10:00:00,48,0.15929676590725983
2,2026-02-22,2026-02-24 11:00:00,48,0.13194878728073364
2,2026-02-22,2026-02-24 12:00:00,48,0.07831433848057043
2,2026-02-22,2026-02-24 13:00:00,48,0.03464741209181817
2,2026-02-22,2026-02-24 14:00:00,48,0.021582504588826955
2,2026-02-22,2026-02-24 15:00:00,48,0.01412652517567651
2,2026-02-22,2026-02-24 16:00:00,48,0.04269414571193065
2,2026-02-22,2026-02-24 17:00:00,48,0.06563620781536084
2,2026-02-22,2026-02-24 18:00:00,48,0.0364554474370039
2,2026-02-22,2026-02-24 19:00:00,48,0.03397472381289447
2,2026-02-22,2026-02-24 20:00:00,48,0.05931985802861861
2,2026-02-22,2026-02-24 21:00:00,48,0.09815701761276964
2,2026-02-22,2026-02-24 22:00:00,48,0.1979129245192534
2,2026-02-22,2026-02-24 23:00:00,48,0.27698048409622034
2,2026-02-23,2026-02-24 00:00:00,24,0.3811209214106843
2,2026-02-23,2026-02-24 01:00:00,24,0.3923035658242546
2,2026-02-23,2026-02-24 02:00:00,24,0.3767402176353133
2,2026-02-23,2026-02-24 03:00:00,24,0.3115217360237295
2,2026-02-23,2026-02-24 04:00:00,24,0.2938510406554198
2,2026-02-23,2026-02-24 05:00:00,24,0.3214211788828065
2,2026-02-23,2026-02-24 06:00:00,24,0.21633137818004441
2,2026-02-23,2026-02-24 07:00:00,24,0.26445968994516267
2,2026-02-23,2026-02-24 08:00:00,24,0.2649245920839052
2,2026-02-23,2026-02-24 09:00:00,24,0.25326346195280847
2,2026-02-23,2026-02-24 10:00:00,24,0.2188174076173227
2,2026-02-23,2026-02-24 11:00:00,24,0.1763187118437412
2,2026-02-23,2026-02-24 12:00:00,24,0.15339174868289124
2,2026-02-23,2026-02-24 13:00:00,24,0.08231477106152957
2,2026-02-23,2026-02-24 14:00:00,24,0.07783738708920263
2,2026-02-23,2026-02-24 15:00:00,24,0.06398648326185113
2,2026-02-23,2026-02-24 16:00:00,24,0.03426542479620684
2,2026-02-23,2026-02-24 17:00:00,24,0.018969242336381358
2,2026-02-23,2026-02-24 18:00:00,24,0.016702419333485187
2,2026-02-23,2026-02-24 19:00:00,24,0.013368375235877096
2,2026-02-23,2026-02-24 20:00:00,24,0.024832392616191915
2,2026-02-23,2026-02-24 21:00:00,24,0.036053042894345064
2,2026-02-23,2026-02-24 22:00:00,24,0.07952957771627037
2,2026-02-23,2026-02-24 23:00:00,24,0.0814308193574595
2,2026-02-23,2026-02-25 00:00:00,48,0.32334387818133437
2,2026-02-23,2026-02-25 01:00:00,48,0.3814388280602796
2,2026-02-23,2026-02-25 02:00:00,48,0.4567705847707709
2,2026-02-23,2026-02-25 03:00:00,48,0.4323456718085912
2,2026-02-23,2026-02-25 04:00:00,48,0.5358300661098414
2,2026-02-23,2026-02-25 05:00:00,48,0.6362514954849267
2,2026-02-23,2026-02-25 06:00:00,48,0.6191634332319957
2,2026-02-23,2026-02-25 07:00:00,48,0.6365594853941116
2,2026-02-23,2026-02-25 08:00:00,48,0.5687665205734801
2,2026-02-23,2026-02-25 09:00:00,48,0.46734073731335524
2,2026-02-23,2026-02-25 10:00:00,48,0.27909893688632464
2,2026-02-23,2026-02-25 11:00:00,48,0.30076962172513816
2,2026-02-23,2026-02-25 12:00:00,48,0.08209582604325515
2,2026-02-23,2026-02-25 13:00:00,48,0.10705606560791145
2,2026-02-23,2026-02-25 14:00:00,48,0.12659950572471895
2,2026-02-23,2026-02-25 15:00:00,48,0.19323995397595115
2,2026-02-23,2026-02-25 16:00:00,48,0.26818618817008394
2,2026-02-23,2026-02-25 17:00:00,48,0.3985108356647923
2,2026-02-23,2026-02-25 18:00:00,48,0.5556042696757483
2,2026-02-23,2026-02-25 19:00:00,48,0.533489140436503
2,2026-02-23,2026-02-25 20:00:00,48,0.5735477133642926
2,2026-02-23,2026-02-25 21:00:00,48,0.6393081785820616
2,2026-02-23,2026-02-25 22:00:00,48,0.6606832852239697
2,2026-02-23,2026-02-25 23:00:00,48,0.580590501953085
2,2026-02-24,2026-02-25 00:00:00,24,0.09455337835541239
2,2026-02-24,2026-02-25 01:00:00,24,0.08696437300861448
2,2026-02-24,2026-02-25 02:00:00,24,0.09512629337558928
2,2026-02-24,2026-02-25 03:00:00,24,0.0859382855511103
2,2026-02-24,2026-02-25 04:00:00,24,0.06380421120482857
2,2026-02-24,2026-02-25 05:00:00,24,0.051995933642751194
2,2026-02-24,2026-02-25 06:00:00,24,0.02056292440732213
2,2026-02-24,2026-02-25 07:00:00,24,0.01987938304385376
2,2026-02-24,2026-02-25 08:00:00,24,0.023079383043853763
2,2026-02-24,2026-02-25 09:00:00,24,0.03128623344301159
2,2026-02-24,2026-02-25 10:00:00,24,0.03432836607868277
2,2026-02-24,2026-02-25 11:00:00,24,0.02349106489301831
2,2026-02-24,2026-02-25 12:00:00,24,0.03342007887725941
2,2026-02-24,2026-02-25 13:00:00,24,0.02618169571082008
2,2026-02-24,2026-02-25 14:00:00,24,0.015493038013180168
2,2026-02-24,2026-02-25 15:00:00,24,0.025400149030844588
2,2026-02-24,2026-02-25 16:00:00,24,0.050145738505758805
2,2026-02-24,2026-02-25 17:00:00,24,0.14791908855644095
2,2026-02-24,2026-02-25 18:00:00,24,0.5039699955065832
2,2026-02-24,2026-02-25 19:00:00,24,0.5574206061595963
2,2026-02-24,2026-02-25 20:00:00,24,0.6729009731807539
2,2026-02-24,2026-02-25 21:00:00,24,0.6829843065140875
2,2026-02-24,2026-02-25 22:00:00,24,0.4758237588781754
2,2026-02-24,2026-02-25 23:00:00,24,0.3106943316970368
2,2026-02-24,2026-02-26 00:00:00,48,0.319826328506934
2,2026-02-24,2026-02-26 01:00:00,48,0.5575133421721097
2,2026-02-24,2026-02-26 02:00:00,48,0.5469155734661048
2,2026-02-24,2026-02-26 03:00:00,48,0.4726040139195901
2,2026-02-24,2026-02-26 04:00:00,48,0.0824895669486774
2,2026-02-24,2026-02-26 05:00:00,48,0.5649900516489874
2,2026-02-24,2026-02-26 06:00:00,48,0.4677237879906586
2,2026-02-24,2026-02-26 07:00:00,48,0.2766154127364693
2,2026-02-24,2026-02-26 08:00:00,48,0.25173721236031615
2,2026-02-24,2026-02-26 09:00:00,48,0.139131415778492
2,2026-02-24,2026-02-26 10:00:00,48,0.14030295678907204
2,2026-02-24,2026-02-26 11:00:00,48,0.09253048117580727
2,2026-02-24,2026-02-26 12:00:00,48,0.3911684904159677
2,2026-02-24,2026-02-26 13:00:00,48,0.5500866577568182
2,2026-02-24,2026-02-26 14:00:00,48,0.5650866577568181
2,2026-02-24,2026-02-26 15:00:00,48,0.5448366577568182
2,2026-02-24,2026-02-26 16:00:00,48,0.3682016066369324
2,2026-02-24,2026-02-26 17:00:00,48,0.5584711069481307
2,2026-02-24,2026-02-26 18:00:00,48,0.6358628603405757
2,2026-02-24,2026-02-26 19:00:00,48,0.7380005046294704
2,2026-02-24,2026-02-26 20:00:00,48,0.7308006325898249
2,2026-02-24,2026-02-26 21:00:00,48,0.47901960301584795
2,2026-02-24,2026-02-26 22:00:00,48,0.404922478593083
2,2026-02-24,2026-02-26 23:00:00,48,0.38345581192641626
2,2026-02-25,2026-02-26 00:00:00,24,0.4033600613504824
2,2026-02-25,2026-02-26 01:00:00,24,0.3417084395825176
2,2026-02-25,2026-02-26 02:00:00,24,0.28250429894251694
2,2026-02-25,2026-02-26 03:00:00,24,0.22799838073796697
2,2026-02-25,2026-02-26 04:00:00,24,0.10980773097362125
2,2026-02-25,2026-02-26 05:00:00,24,0.0411664441761148
2,2026-02-25,2026-02-26 06:00:00,24,0.8081779489750671
2,2026-02-25,2026-02-26 07:00:00,24,0.48509234793970535
2,2026-02-25,2026-02-26 08:00:00,24,0.09780684921430202
2,2026-02-25,2026-02-26 09:00:00,24,0.1549666730168184
2,2026-02-25,2026-02-26 10:00:00,24,0.2226694873796487
2,2026-02-25,2026-02-26 11:00:00,24,0.2836682555625942
2,2026-02-25,2026-02-26 12:00:00,24,0.5932447054952366
2,2026-02-25,2026-02-26 13:00:00,24,0.5793318758142615
2,2026-02-25,2026-02-26 14:00:00,24,0.438861074021884
2,2026-02-25,2026-02-26 15:00:00,24,0.5183298182942647
2,2026-02-25,2026-02-26 16:00:00,24,0.5991248195993988
2,2026-02-25,2026-02-26 17:00:00,24,0.6739224631512544
2,2026-02-25,2026-02-26 18:00:00,24,0.6021023832256245
2,2026-02-25,2026-02-26 19:00:00,24,0.7220335755000451
2,2026-02-25,2026-02-26 20:00:00,24,0.5276074801532936
2,2026-02-25,2026-02-26 21:00:00,24,0.5523140701673963
2,2026-02-25,2026-02-26 22:00:00,24,0.5271387647597233
2,2026-02-25,2026-02-26 23:00:00,24,0.4069975797787612
2,2026-02-25,2026-02-27 00:00:00,48,0.4443111681689821
2,2026-02-25,2026-02-27 01:00:00,48,0.34509963962971024
2,2026-02-25,2026-02-27 02:00:00,48,0.35933297296304345
2,2026-02-25,2026-02-27 03:00:00,48,0.29946343071914183
2,2026-02-25,2026-02-27 04:00:00,48,0.20229401135230346
2,2026-02-25,2026-02-27 05:00:00,48,0.1494450705441127
2,2026-02-25,2026-02-27 06:00:00,48,0.09857300358031124
2,2026-02-25,2026-02-27 07:00:00,48,0.19397212906865655
2,2026-02-25,2026-02-27 08:00:00,48,0.243738802105286
2,2026-02-25,2026-02-27 09:00:00,48,0.27529037002438833
2,2026-02-25,2026-02-27 10:00:00,48,0.3790543793051576
2,2026-02-25,2026-02-27 11:00:00,48,0.5153514403415995
2,2026-02-25,2026-02-27 12:00:00,48,0.5049389162275384
2,2026-02-25,2026-02-27 13:00:00,48,0.5206423243252243
2,2026-02-25,2026-02-27 14:00:00,48,0.4849589909918909
2,2026-02-25,2026-02-27 15:00:00,48,0.3811089909918911
2,2026-02-25,2026-02-27 16:00:00,48,0.3759605943182355
2,2026-02-25,2026-02-27 17:00:00,48,0.3647605943182355
2,2026-02-25,2026-02-27 18:00:00,48,0.25770378856657694
2,2026-02-25,2026-02-27 19:00:00,48,0.2734436078822157
2,2026-02-25,2026-02-27 20:00:00,48,0.1889063058494879
2,2026-02-25,2026-02-27 21:00:00,48,0.20340346221222283
2,2026-02-25,2026-02-27 22:00:00,48,0.2602983468840396
2,2026-02-25,2026-02-27 23:00:00,48,0.34698782431413155
2,2026-02-26,2026-02-27 00:00:00,24,0.1947354233447694
2,2026-02-26,2026-02-27 01:00:00,24,0.19956620966587535
2,2026-02-26,2026-02-27 02:00:00,24,0.2008995429992087
2,2026-02-26,2026-02-27 03:00:00,24,0.16603000075530705
2,2026-02-26,2026-02-27 04:00:00,24,0.1253589741447357
2,2026-02-26,2026-02-27 05:00:00,24,0.13546221135917533
2,2026-02-26,2026-02-27 06:00:00,24,0.1460663703051279
2,2026-02-26,2026-02-27 07:00:00,24,0.1142423708179134
2,2026-02-26,2026-02-27 08:00:00,24,0.17191757469431176
2,2026-02-26,2026-02-27 09:00:00,24,0.27112524033838636
2,2026-02-26,2026-02-27 10:00:00,24,0.28307664009788186
2,2026-02-26,2026-02-27 11:00:00,24,0.3172711247090885
2,2026-02-26,2026-02-27 12:00:00,24,0.23983929260052506
2,2026-02-26,2026-02-27 13:00:00,24,0.3096901659968953
2,2026-02-26,2026-02-27 14:00:00,24,0.25575379763863026
2,2026-02-26,2026-02-27 15:00:00,24,0.3885756576585576
2,2026-02-26,2026-02-27 16:00:00,24,0.37969392765156884
2,2026-02-26,2026-02-27 17:00:00,24,0.3165751026565731
2,2026-02-26,2026-02-27 18:00:00,24,0.2599179336201741
2,2026-02-26,2026-02-27 19:00:00,24,0.2584476517643215
2,2026-02-26,2026-02-27 20:00:00,24,0.2832169526677903
2,2026-02-26,2026-02-27 21:00:00,24,0.2508820859760954
2,2026-02-26,2026-02-27 22:00:00,24,0.3505905236133349
2,2026-02-26,2026-02-27 23:00:00,24,0.3657205384689428
2,2026-02-26,2026-02-28 00:00:00,48,0.38158232947548565
2,2026-02-26,2026-02-28 01:00:00,48,0.3736349590334478
2,2026-02-26,2026-02-28 02:00:00,48,0.3988349590334478
2,2026-02-26,2026-02-28 03:00:00,48,0.3794320834562127
2,2026-02-26,2026-02-28 04:00:00,48,0.37447333931305493
2,2026-02-26,2026-02-28 05:00:00,48,0.3689101442071082
2,2026-02-26,2026-02-28 06:00:00,48,0.5007730098192652
2,2026-02-26,2026-02-28 07:00:00,48,0.4656087692623896
2,2026-02-26,2026-02-28 08:00:00,48,0.44650589034880256
2,2026-02-26,2026-02-28 09:00:00,48,0.4461756691306395
2,2026-02-26,2026-02-28 10:00:00,48,0.3904256691306394
2,2026-02-26,2026-02-28 11:00:00,48,0.36849007822306257
2,2026-02-26,2026-02-28 12:00:00,48,0.2672511794852297
2,2026-02-26,2026-02-28 13:00:00,48,0.24267615000673332
2,2026-02-26,2026-02-28 14:00:00,48,0.2170199644502201
2,2026-02-26,2026-02-28 15:00:00,48,0.13212950852257604
2,2026-02-26,2026-02-28 16:00:00,48,0.0967218965442581
2,2026-02-26,2026-02-28 17:00:00,48,0.07214739612424631
2,2026-02-26,2026-02-28 18:00:00,48,0.06901440284993243
2,2026-02-26,2026-02-28 19:00:00,48,0.057412103382519175
2,2026-02-26,2026-02-28 20:00:00,48,0.04544117557450904
2,2026-02-26,2026-02-28 21:00:00,48,0.020129089439356804
2,2026-02-26,2026-02-28 22:00:00,48,0.021329089439356803
2,2026-02-26,2026-02-28 23:00:00,48,0.016289448089310113
2,2026-02-27,2026-02-28 00:00:00,24,0.4039823294754855
2,2026-02-27,2026-02-28 01:00:00,24,0.3988349590334478
2,2026-02-27,2026-02-28 02:00:00,24,0.38856829236678114
2,2026-02-27,2026-02-28 03:00:00,24,0.38969875012287947
2,2026-02-27,2026-02-28 04:00:00,24,0.46485955155997544
2,2026-02-27,2026-02-28 05:00:00,24,0.43371302312069526
2,2026-02-27,2026-02-28 06:00:00,24,0.3845034642390114
2,2026-02-27,2026-02-28 07:00:00,24,0.46359210259572303
2,2026-02-27,2026-02-28 08:00:00,24,0.4777087692623897
2,2026-02-27,2026-02-28 09:00:00,24,0.40722566913063957
2,2026-02-27,2026-02-28 10:00:00,24,0.3904256691306394
2,2026-02-27,2026-02-28 11:00:00,24,0.3415712532280669
2,2026-02-27,2026-02-28 12:00:00,24,0.2891534245658761
2,2026-02-27,2026-02-28 13:00:00,24,0.25579829647120866
2,2026-02-27,2026-02-28 14:00:00,24,0.25507615000673334
2,2026-02-27,2026-02-28 15:00:00,24,0.14916369331957408
2,2026-02-27,2026-02-28 16:00:00,24,0.10001615594102208
2,2026-02-27,2026-02-28 17:00:00,24,0.10600402098262324
2,2026-02-27,2026-02-28 18:00:00,24,0.06276755736694446
2,2026-02-27,2026-02-28 19:00:00,24,0.025365257899531195
2,2026-02-27,2026-02-28 20:00:00,24,0.02877778848565782
2,2026-02-27,2026-02-28 21:00:00,24,0.021529089439356795
2,2026-02-27,2026-02-28 22:00:00,24,0.022744871850882545
2,2026-02-27,2026-02-28 23:00:00,24,0.016611770003876675
2,2026-02-27,2026-03-01 00:00:00,48,0.016501572667454802
2,2026-02-27,2026-03-01 01:00:00,48,0.016700304013286968
2,2026-02-27,2026-03-01 02:00:00,48,0.018613158044881888
2,2026-02-27,2026-03-01 03:00:00,48,0.01586521246685153
2,2026-02-27,2026-03-01 04:00:00,48,0.017282887756160666
2,2026-02-27,2026-03-01 05:00:00,48,0.03245545840569019
2,2026-02-27,2026-03-01 06:00:00,48,0.011236574253333492
2,2026-02-27,2026-03-01 07:00:00,48,0.017464535959703136
2,2026-02-27,2026-03-01 08:00:00,48,0.017783799522450246
2,2026-02-27,2026-03-01 09:00:00,48,0.01793320611167655
2,2026-02-27,2026-03-01 10:00:00,48,0.021958903747665452
2,2026-02-27,2026-03-01 11:00:00,48,0.03223655869935718
2,2026-02-27,2026-03-01 12:00:00,48,0.01779773711733485
2,2026-02-27,2026-03-01 13:00:00,48,0.03581809860107635
2,2026-02-27,2026-03-01 14:00:00,48,0.1236803076991726
2,2026-02-27,2026-03-01 15:00:00,48,0.2921030428424818
2,2026-02-27,2026-03-01 16:00:00,48,0.6318057657697321
2,2026-02-27,2026-03-01 17:00:00,48,0.8238624776710535
2,2026-02-27,2026-03-01 18:00:00,48,0.8790552223386383
2,2026-02-27,2026-03-01 19:00:00,48,0.7897224762583657
2,2026-02-27,2026-03-01 20:00:00,48,0.7809078105511692
2,2026-02-27,2026-03-01 21:00:00,48,0.8046744772178358
2,2026-02-27,2026-03-01 22:00:00,48,0.7986744772178359
2,2026-02-27,2026-03-01 23:00:00,48,0.7224244772178359
